"","country","site_code","latitude","longitude"
"1","United States","USEC4",24.62529,-81.11185
"2","United States","USEC6",24.62562,-81.10933
"3","United States","USEC8",24.69262,-81.06097
"4","United States","USEC9",24.6845893859863,-81.0475921630859
"5","United States","USEC10",24.68577,-80.96287
"6","United States","USEC11",24.68553,-80.9645
"7","United States","USEC12",24.54062,-81.41568
"8","United States","USEC13",24.54569,-81.40591
"9","United States","USEC14",24.54678,-81.40524
"10","United States","USEC15",24.68217,-80.97067
"11","United States","USEC16",24.68975,-81.02973
"12","United States","USEC17",24.63217,-81.09053
"13","United States","USEC7",24.62198,-81.11053
"14","United States","CAR2",24.609,-82.87406
"16","United States","CAR1",24.62056,-82.86406
"18","United States","CAR3",24.62429,-82.94296
"22","Cayman Islands","CAR4",19.3066,-81.38695
"25","Colombia","CAR6",13.45645,-81.36713
"26","Colombia","CAR5",13.45828,-81.36453
"31","Colombia","CAR8",13.32793,-81.41154
"33","Colombia","CAR7",13.36448,-81.40478
"36","Colombia","CAR10",13.37479,-81.34405
"39","Colombia","CAR9",13.3803,-81.33894
"43","Colombia","CAR12",13.37159,-81.40394
"46","Colombia","CAR11",13.37903,-81.42346
"47","Colombia","CAR14",13.40015,-81.37399
"49","Colombia","CAR13",13.3895,-81.38481
"51","Colombia","CAR15",13.3987,-81.39579
"55","Colombia","CAR17",12.58681,-81.71718
"57","Colombia","CAR16",12.51884,-81.73215
"63","Colombia","CAR18",12.58415,-81.68365
"66","Colombia","CAR19",12.58619,-81.6887
"67","Colombia","CAR20",12.58338,-81.68528
"72","Panama","CAR23",9.55787,-78.95204
"73","Panama","CAR22",9.55877,-78.95136
"74","Panama","CAR21",9.55746,-78.95041
"77","Panama","CAR25",9.58341,-78.87863
"79","Panama","CAR24",9.58772,-78.88924
"81","Panama","CAR26",9.5847,-78.86837
"85","United States","USEC5",24.6264,-81.11185
"97","Australia","SI13",-29.93308,153.39256
"100","Australia","SI14",-29.91274,153.38342
"103","Australia","SI1",-29.93044,153.38984
"112","Australia","SI2",-29.92314,153.38809
"120","Australia","CBMP1",-28.611,153.62831
"122","Australia","CBMP2",-28.6128,153.62873
"124","Australia","CBMP3",-28.63858,153.61114
"125","Australia","SI23",-29.9251,153.38679
"126","Australia","NI1",-29.07193,167.96139
"128","Australia","NI10",-29.05875,167.95792
"134","Australia","NI12",-29.06139,167.96269
"135","Australia","NI13",-29.06008,167.96166
"136","Australia","NI2",-29.05856,167.95106
"138","Australia","NI3",-28.9996,167.91903
"141","Australia","NI4",-28.99774,167.92
"144","Australia","NI5",-28.9995,167.93832
"147","Australia","NI6",-29.01054,167.91784
"150","Australia","NI7",-29.11731,167.94171
"152","Australia","NI8",-29.11641,167.96309
"155","Australia","NI9",-29.06141,167.96094
"157","Australia","SI22",-29.97515,153.25885
"163","Australia","GBR200",-16.93144,145.98775
"165","Australia","GBR213",-16.52825,145.99349
"169","Australia","GBR210",-16.60383,145.96884
"173","Australia","GBR201",-16.88857,146.19184
"178","Australia","GBR216",-16.42525,145.99103
"179","Australia","GBR204",-16.78849,146.26849
"184","Australia","GBR205",-16.78773,146.26774
"186","Australia","GBR206",-16.78387,146.27118
"188","Australia","GBR207",-16.73392,146.26511
"190","Australia","GBR208",-16.73186,146.26677
"192","Australia","GBR209",-16.7296,146.2678
"194","Australia","GBR192",-17.2294,146.09131
"196","Australia","GBR195",-17.20315,146.07662
"198","Australia","GBR193",-17.22682,146.09528
"200","Australia","GBR194",-17.21662,146.08918
"202","Australia","GBR217",-15.9758,145.8291
"203","Australia","GBR219",-15.9609,145.80432
"204","Australia","GBR218",-15.96846,145.81968
"205","Australia","GBR188",-17.93784,146.16255
"207","Australia","GBR228",-14.65706,145.45076
"209","Australia","GBR229",-14.65528,145.45049
"211","Australia","GBR224",-14.68708,145.44327
"213","Australia","GBR225",-14.68689,145.44195
"215","Australia","GBR233",-14.64588,145.45546
"217","Australia","GBR232",-14.6461,145.45386
"219","Australia","GBR234",-14.64524,145.45471
"221","Australia","GBR223",-14.68717,145.46565
"223","Australia","GBR226",-14.68279,145.46565
"225","Australia","GBR227",-14.66541,145.44227
"227","Australia","GBR222",-14.68924,145.44413
"229","Australia","GBR230",-14.65277,145.4505
"233","Australia","GBR220",-14.69473,145.45921
"235","Australia","GBR221",-14.68942,145.46617
"239","Australia","GBR231",-14.65101,145.44851
"241","Australia","QLD1",-27.93638,153.4276
"242","Australia","GBR256",-23.18698,150.9337
"245","Australia","GBR253",-23.1957,150.93748
"247","Australia","GBR254",-23.18833,150.93451
"250","Australia","GBR263",-23.16335,150.92145
"253","Australia","GBR260",-23.17116,150.92335
"256","Australia","GBR264",-23.15684,150.95608
"259","Australia","GBR262",-23.16641,150.95166
"262","Australia","GBR255",-23.18769,150.9803
"264","Australia","GBR252",-23.19801,150.96855
"266","Australia","GBR261",-23.17081,150.92013
"268","Australia","GBR182",-18.13575,146.2799
"274","Australia","GBR183",-18.04677,146.20102
"276","Australia","GBR187",-18.03613,146.20003
"278","Australia","GBR184",-18.03954,146.20022
"280","Australia","GBR186",-18.0375,146.17934
"282","Australia","GBR185",-18.0385,146.1817
"283","Australia","GBR189",-17.77205,146.44973
"287","Australia","MBMP1",-27.38898,153.55097
"289","Australia","MBMP10",-27.51784,153.38356
"291","Australia","MBMP2",-27.41351,153.52519
"295","Australia","MBMP4",-27.49006,153.37641
"297","Australia","MBMP5",-27.40026,153.43747
"298","Australia","MBMP6",-27.41422,153.52683
"300","Australia","MBMP7",-27.39602,153.4379
"302","Australia","MBMP9",-27.50058,153.37385
"304","Australia","GC1",-16.47914,139.2713
"306","Australia","GC2",-16.42055,139.4664
"308","Australia","GC3",-16.41361,139.63389
"310","Australia","GC4",-16.39255,139.62931
"312","Australia","GC6",-16.378,139.59747
"314","Australia","GC5",-16.38094,139.59973
"316","Australia","GC7",-16.28718,139.42439
"318","Australia","GC9",-16.23366,139.25151
"320","Australia","QLD2",-26.36056,153.11399
"322","Australia","QLD3",-26.35399,153.08292
"323","Australia","GBR150",-19.9783,148.26147
"326","Australia","QLD4",-24.88209,152.48897
"328","Australia","QLD5",-24.8397,152.47916
"330","Australia","GBR143",-20.08833,148.90631
"332","Australia","GBR144",-20.07899,148.87646
"334","Australia","GBR148",-20.04033,148.88061
"335","Australia","GBR142",-20.15526,149.03571
"336","Australia","GBR146",-20.06494,148.92328
"338","Australia","GBR147",-20.05117,148.89869
"340","Australia","WA58",-28.18611,114.23146
"341","Australia","NMP18",-21.91842,113.95551
"342","Australia","WA57",-28.1924,114.24413
"343","Australia","NMP23",-21.97653,113.91861
"345","Australia","WA56",-28.19783,114.2548
"346","Australia","NMP15",-21.90414,113.94328
"347","Australia","WA54",-28.47336,113.77563
"349","Australia","WA55",-28.46051,113.77258
"350","Australia","WA53",-28.47634,113.77235
"352","Australia","NMP-B3",-21.82729,114.1801
"353","Australia","NMP-B4",-21.8559,114.16763
"354","Australia","NMP-B5",-21.86971,114.15813
"355","Australia","WA72",-20.5752,116.5696
"357","Australia","WA80",-20.52588,116.65978
"359","Australia","WA76",-20.55362,116.63464
"361","Australia","WA65",-20.62176,116.50736
"363","Australia","WA66",-20.6195,116.51852
"365","Australia","WA73",-20.57468,116.5822
"368","Australia","WA70",-20.58458,116.53283
"370","Australia","WA69",-20.60681,116.59533
"372","Australia","WA67",-20.61184,116.46413
"374","Australia","WA68",-20.60872,116.46312
"376","Australia","WA78",-20.543,116.53068
"378","Australia","WA79",-20.53661,116.53227
"380","Australia","WA77",-20.5492,116.63982
"382","Australia","WA75",-20.56935,116.61321
"384","Australia","WA71",-20.57522,116.54207
"387","Australia","WA74",-20.57385,116.54156
"389","Australia","WA87",-16.39654,123.03509
"393","Australia","WA86",-16.41926,123.0338
"394","Australia","WA83",-16.43598,123.05123
"396","Australia","WA85",-16.43073,123.06852
"398","Australia","WA84",-16.43131,123.08899
"400","Australia","NMP1",-23.11234,113.75042
"401","Australia","NMP10",-23.21313,113.76296
"403","Australia","NMP11",-23.20838,113.76328
"405","Australia","NMP12",-23.32164,113.78224
"406","Australia","NMP13",-23.17989,113.76169
"407","Australia","NMP14",-23.17758,113.76397
"408","Australia","NMP16",-21.64135,114.35673
"410","Australia","NMP17",-21.66711,114.33362
"412","Australia","NMP19",-23.09197,113.73966
"414","Australia","NMP2",-23.12142,113.75562
"415","Australia","NMP20",-23.04473,113.81843
"417","Australia","NMP6",-23.16108,113.75875
"419","Australia","NMP7",-23.16489,113.76611
"420","Australia","NMP8",-23.17642,113.76097
"421","Australia","NMP9",-23.12627,113.76158
"422","Australia","NMP-S1",-22.86905,113.76443
"424","Australia","NMP-S2",-22.92875,113.77937
"426","Australia","NMP-S3",-23.12872,113.75232
"428","Australia","NMP-S4",-23.33246,113.77923
"429","Australia","NWS109",-20.29024,118.48154
"430","Australia","NWS108",-20.21246,118.52584
"431","Australia","NMP21",-23.14221,113.76709
"432","Australia","NMP22",-22.09786,113.88472
"433","Australia","WA46",-28.89196,114.00962
"435","Australia","WA48",-28.85305,114.0132
"438","Australia","WA47",-28.85354,114.01087
"440","Australia","WA51",-28.67508,113.7572
"442","Australia","WA52",-28.67135,113.84345
"448","Australia","WA49",-28.71898,113.77761
"451","Australia","WA50",-28.70359,113.82932
"453","Australia","WA62",-26.12171,113.18267
"454","Australia","WA60",-26.14294,113.16653
"455","Australia","WA63",-26.09207,113.23634
"456","Australia","WA61",-26.12424,113.23715
"457","Australia","WA59",-26.16084,113.21732
"459","Australia","CI1",-10.42962,105.66814
"460","Australia","CI2",-10.42658,105.67081
"461","Australia","CI3",-10.42813,105.66575
"462","Australia","CI4",-10.42116,105.67196
"463","Australia","CI5",-10.4197,105.67226
"464","Australia","CI6",-10.46143,105.58156
"465","Australia","CI7",-10.45623,105.63594
"466","Australia","CI8",-10.46854,105.5578
"467","Australia","CI9",-10.46368,105.70836
"468","Australia","CI10",-10.42366,105.66985
"469","Australia","CI11",-10.42898,105.66985
"470","Australia","CI12",-10.46304,105.7077
"473","Australia","NT9",-12.4134,130.8127
"475","Australia","NT14",-12.3146,130.8705
"476","Australia","NT12",-12.4073,130.7922
"480","Australia","NT8",-12.4158000946045,130.81315612793
"481","Australia","NT3",-12.4854,130.7969
"483","Australia","NT2",-12.5629,130.8614
"484","Australia","NT4",-12.485520362854,130.785247802734
"485","Australia","CI13",-10.4607,105.6282
"487","Australia","CI14",-10.42918,105.6689
"488","Australia","NT13",-12.40605,130.81166
"494","Australia","NT5",-12.4766,130.787
"498","Australia","NT11",-12.3448,130.8538
"500","Egypt","RED1",23.41758,35.98514
"501","Egypt","RED2",23.33986,35.85479
"502","Egypt","RED3",23.42728,35.87658
"503","Egypt","RED4",23.42852,35.90383
"504","Egypt","RED5",23.4303,35.86446
"505","Egypt","RED6",23.41057,35.93071
"506","Egypt","RED7",23.63558,35.82552
"507","Egypt","RED8",24.15678,35.71164
"508","Egypt","RED10",24.25309,35.5399
"509","Egypt","RED11",24.67004,35.13316
"510","Egypt","RED9",24.21989,35.61184
"511","Egypt","RED12",24.78735,35.18158
"512","Egypt","RED13",25.0712,34.93801
"513","Spain","CAN1",28.16443,-16.42887
"514","Spain","CAN2",27.8003,-17.88635
"515","Spain","CAN3",27.79932,-17.88882
"516","Spain","CAN4",27.64554,-17.99875
"517","Spain","CAN5",27.63995,-17.99556
"518","Spain","CAN6",27.64651,-18
"519","Spain","CAN7",28.42213,-16.55349
"520","Spain","CAN8",28.42147,-16.55299
"521","Spain","CAN9",28.41944,-16.53035
"522","Spain","CAN10",28.40099,-16.32476
"538","Colombia","ETP160",4.00466,-81.60433
"540","Colombia","ETP191",4.00653,-81.60354
"543","Colombia","ETP192",4.00831,-81.60603
"544","Colombia","ETP194",4.00787,-81.60659
"548","Colombia","ETP179",4.00162,-81.61133
"552","Colombia","ETP180",3.99977,-81.61436
"555","Colombia","ETP161",4.00368,-81.61065
"559","Colombia","ETP193",4.00855,-81.60538
"562","Indonesia","BALI1",-8.277,115.5945
"563","Indonesia","ACEH1",5.88147,95.25631
"564","Indonesia","ACEH2",5.88102,95.26021
"565","Indonesia","ACEH3",5.89492,95.25287
"566","Indonesia","ACEH4",5.88529,95.25431
"567","Indonesia","ACEH5",5.63217,95.13788
"568","Indonesia","ACEH6",5.66782,95.12632
"569","Indonesia","ACEH10",5.87792,95.35384
"570","Indonesia","ACEH7",5.89528,95.25436
"571","Indonesia","ACEH8",5.89083,95.25436
"572","Indonesia","ACEH9",5.82587,95.37793
"573","Indonesia","ACEH11",5.86718,95.2696
"574","Indonesia","ACEH12",5.89787,95.25255
"575","Indonesia","ACEH13",5.6639,95.09202
"576","Indonesia","ACEH14",5.64638,95.16272
"577","Indonesia","ACEH15",5.84835,95.28406
"578","Indonesia","ACEH16",5.88585,95.25413
"579","Indonesia","ACEH17",5.87248,95.26192
"580","Indonesia","ACEH18",5.77726,95.33671
"581","Indonesia","ACEH19",5.80058,95.34664
"582","Indonesia","ACEH20",5.88679,95.25651
"583","Indonesia","ACEH21",5.88277,95.24911
"584","Indonesia","ACEH22",5.88289,95.25118
"585","Indonesia","ACEH23",5.85724,95.36138
"586","Indonesia","ACEH24",5.89158,95.34356
"587","Indonesia","ACEH25",5.87715,95.31384
"588","Indonesia","ACEH26",5.86461,95.26884
"589","Indonesia","ACEH27",5.8543,95.27358
"590","Indonesia","ACEH28",5.87207,95.26658
"591","Indonesia","ACEH29",5.60681,95.19375
"592","Indonesia","ACEH30",5.6291,95.13154
"593","Indonesia","FLORES1",-8.486,122.342
"594","Indonesia","FLORES2",-8.45386,122.32913
"595","Indonesia","FLORES3",-8.43986,122.32842
"596","Indonesia","FLORES4",-8.43966,122.32843
"597","Indonesia","FLORES5",-8.48432,122.46081
"598","Indonesia","FLORES6",-8.435,122.499
"599","Indonesia","FLORES7",-8.48255,122.48146
"600","Indonesia","BALI3",-8.27899,115.59646
"601","Indonesia","BALI2",-8.27729,115.59446
"602","Indonesia","BALI4",-8.27781,115.59459
"627","Costa Rica","ETP115",10.51775,-85.79197
"628","Costa Rica","ETP116",10.60737,-85.70247
"629","Costa Rica","ETP118",5.55412,-87.05408
"630","Costa Rica","ETP15",5.56187,-87.04693
"631","Costa Rica","ETP18",5.54592,-87.02909
"632","Costa Rica","ETP119",5.56095,-87.04852
"633","Costa Rica","ETP120",5.53483,-87.0875
"634","Costa Rica","ETP121",5.534,-87.08667
"635","Costa Rica","ETP122",5.55228,-87.05088
"636","Costa Rica","ETP117",5.55022,-87.0331
"637","Panama","ETP4",8.67092,-79.06583
"638","Costa Rica","ETP51",8.71623,-83.86901
"639","Costa Rica","ETP14",5.5509,-87.03493
"641","Costa Rica","ETP16",5.56213,-87.04663
"642","Costa Rica","ETP17",5.55411,-87.05408
"644","Costa Rica","ETP19",5.52842,-87.02996
"645","Costa Rica","ETP21",5.54822,-87.0817
"646","Costa Rica","ETP22",5.54335,-87.07175
"647","Costa Rica","ETP23",5.54994,-87.0604
"648","Costa Rica","ETP24",5.54595,-87.06231
"649","Costa Rica","ETP25",5.50856,-87.10121
"650","Costa Rica","ETP26",5.49312,-87.08898
"651","Costa Rica","ETP20",5.53536,-87.08679
"652","Costa Rica","ETP27",5.5193,-87.09582
"653","Costa Rica","ETP28",5.50579,-87.06775
"654","Costa Rica","ETP30",9.86011,-85.48717
"655","Costa Rica","ETP31",9.86374,-85.51617
"656","Costa Rica","ETP32",9.8652,-85.49651
"657","Costa Rica","ETP33",9.86241,-85.48544
"658","Costa Rica","ETP34",9.86422,-85.4967
"659","Costa Rica","ETP35",9.85037,-85.46999
"660","Costa Rica","ETP36",9.85023,-85.41877
"661","Costa Rica","ETP37",9.8485,-85.40214
"662","Costa Rica","ETP38",9.8424,-85.40054
"663","Costa Rica","ETP39",9.85339,-85.46064
"664","Costa Rica","ETP40",9.84155,-85.37397
"665","Costa Rica","ETP42",9.81501,-85.3322
"666","Costa Rica","ETP44",9.75662,-85.2714
"667","Costa Rica","ETP45",8.67714,-83.71687
"668","Costa Rica","ETP46",8.70656,-83.86634
"669","Costa Rica","ETP47",8.70352,-83.89795
"670","Costa Rica","ETP48",8.71446,-83.882
"671","Costa Rica","ETP49",8.71151,-83.89129
"672","Costa Rica","ETP50",8.71817,-83.87642
"673","Costa Rica","ETP52",8.6983,-83.8891
"674","Costa Rica","ETP53",8.70105,-83.9147
"675","Costa Rica","ETP54",8.73154,-83.82632
"676","Costa Rica","ETP55",8.63799,-83.73633
"677","Costa Rica","ETP56",8.36985,-83.28786
"684","Costa Rica","ETP240",5.554,-87.03108
"697","Costa Rica","ETP234",5.50014,-87.08012
"747","Costa Rica","ETP41",9.76736,-85.27205
"749","Costa Rica","ETP43",9.7588,-85.27452
"761","Panama","ETP123",7.96247,-82.05782
"762","Panama","ETP124",7.953,-82.05687
"763","Panama","ETP125",7.8733,-81.79395
"764","Panama","ETP1",8.77213,-79.53417
"765","Panama","ETP2",8.77569,-79.54421
"766","Panama","ETP3",8.76728,-79.539
"767","Panama","ETP5",8.67322,-79.06106
"768","Panama","ETP6",8.58036,-79.01867
"769","Panama","ETP7",8.51917,-79.01083
"770","Panama","ETP8",8.5307,-79.00595
"771","Panama","ETP9",8.40062,-79.07819
"772","Panama","ETP10",8.22567,-79.10636
"773","Panama","ETP11",7.7064,-81.63515
"774","Panama","ETP12",7.69188,-81.61163
"775","Panama","ETP13",7.82668,-81.75825
"776","Panama","ETP57",7.87083,-82.44462
"777","Panama","ETP58",7.86957,-82.43576
"778","Panama","ETP59",8.12392,-82.30329
"779","Panama","ETP60",8.11851,-82.3236
"780","Panama","ETP61",8.08927,-82.25797
"781","Panama","ETP62",8.09443,-82.26188
"782","Panama","ETP63",7.96417,-82.05775
"783","Panama","ETP65",8.00028,-82.0261
"784","Panama","ETP66",7.97507,-82.0184
"785","Panama","ETP67",7.94755,-82.02232
"786","Panama","ETP68",7.99112,-81.9825
"787","Panama","ETP69",7.8391,-81.79657
"788","Panama","ETP70",7.84978,-81.78748
"789","Panama","ETP71",7.8704,-81.77695
"790","Panama","ETP72",7.8745,-81.79472
"791","Panama","ETP73",7.88547,-81.8143
"792","Panama","ETP74",7.84293,-81.7539
"793","Panama","ETP75",7.81928,-81.73878
"794","Panama","ETP76",7.81937,-81.77153
"795","Panama","ETP77",7.80103,-81.76105
"796","Panama","ETP78",7.7762,-81.76002
"797","Panama","ETP79",7.6562,-81.73015
"798","Panama","ETP80",7.65017,-81.71845
"799","Panama","ETP81",7.62511,-81.71169
"800","Panama","ETP82",7.63295,-81.69427
"801","Panama","ETP83",7.59307,-81.71005
"802","Panama","ETP84",7.64627,-81.76115
"803","Panama","ETP85",7.63272,-81.7344
"804","Panama","ETP86",7.63113,-81.7822
"805","Panama","ETP87",7.58555,-81.84167
"806","Panama","ETP88",7.43252,-81.8579
"807","Panama","ETP89",7.29649,-81.82322
"808","Panama","ETP90",7.26612,-81.78305
"809","Panama","ETP91",7.21305,-81.79862
"810","Panama","ETP92",7.22668,-81.82928
"811","Panama","ETP93",7.20322,-81.79869
"812","Panama","ETP94",7.33073,-81.72418
"813","Panama","ETP95",7.34713,-81.59093
"814","Panama","ETP96",7.33722,-80.13867
"815","Panama","ETP97",8.4174,-79.12924
"816","Panama","ETP98",8.39918,-79.07865
"817","Panama","ETP99",8.31736,-79.10357
"818","Panama","ETP100",8.3095,-79.09903
"819","Panama","ETP101",8.26347,-79.069
"820","Panama","ETP102",8.26432,-79.06902
"821","Panama","ETP103",8.31623,-79.10264
"822","Panama","ETP104",8.31477,-79.12072
"823","Panama","ETP105",8.44639,-79.10956
"824","Panama","ETP106",8.22991,-78.90163
"825","Panama","ETP107",8.33071,-78.80663
"826","Panama","ETP108",8.39036,-78.81526
"827","Panama","ETP109",8.39248,-78.81754
"828","Panama","ETP110",8.4077,-78.80353
"829","Panama","ETP111",8.42954,-78.84869
"830","Panama","ETP112",8.45339,-78.84975
"831","Panama","ETP113",8.48361,-78.91944
"832","Panama","ETP114",8.63514,-79.03461
"833","Panama","ETP152",7.69188,-81.63953
"841","Panama","ETP151",7.68713,-81.61163
"845","Panama","ETP144",7.85345,-81.8025
"856","Panama","ETP238",7.94755,-82.02232
"863","Panama","ETP239",7.9521,-82.03662
"880","Panama","ETP169",7.2852,-81.67302
"881","Panama","ETP242",7.80242,-81.74603
"892","Panama","ETP142",7.31805,-81.67278
"894","Panama","ETP195",7.31638,-81.71112
"901","Panama","ETP187",7.47783,-82.2433
"902","Panama","ETP223",7.4054,-81.81823
"903","Panama","ETP141",7.51805,-81.89558
"904","Panama","ETP177",7.25765,-81.82392
"906","Panama","ETP188",7.46242,-82.23207
"914","Panama","ETP212",7.54435,-81.85898
"916","Panama","ETP140",7.47135,-82.2659
"917","Panama","ETP200",7.48757,-81.88863
"922","Panama","ETP206",7.51672,-81.67083
"923","Panama","ETP211",7.42182,-81.69548
"926","Panama","ETP173",7.62362,-81.71167
"1004","Ecuador","ETP184",-0.32864,-91.33796
"1005","Ecuador","ETP185",-0.33099,-91.3378
"1006","Ecuador","ETP224",-0.3713,-91.3813
"1007","Ecuador","ETP225",-0.36996,-91.3799
"1012","Ecuador","ETP149",-0.26461,-91.37553
"1013","Ecuador","ETP150",-0.26766,-91.37229
"1014","Ecuador","ETP153",-0.30223,-91.35976
"1015","Ecuador","ETP154",-0.31059,-91.3543
"1016","Ecuador","ETP197",-0.25808,-91.38719
"1017","Ecuador","ETP198",-0.26084,-91.38768
"1024","Ecuador","ETP207",-0.27079,-91.437
"1025","Ecuador","ETP208",-0.26194,-91.44458
"1026","Ecuador","ETP209",-0.27205,-91.435
"1027","Ecuador","ETP210",-0.2739,-91.4311
"1032","Ecuador","ETP145",-0.30119,-91.65047
"1033","Ecuador","ETP146",-0.3018,-91.6524
"1034","Ecuador","ETP148",-0.3092,-91.6647
"1036","Ecuador","ETP147",-0.3188,-91.6676
"1038","Ecuador","ETP190",-0.33477,-91.6579
"1039","Ecuador","ETP226",-0.04116,-91.52752
"1040","Ecuador","ETP227",-0.04037,-91.52193
"1041","Ecuador","ETP228",-0.04991,-91.54678
"1042","Ecuador","ETP229",-0.04701,-91.54444
"1043","Ecuador","ETP230",-0.0536,-91.55924
"1044","Ecuador","ETP231",-0.05167,-91.5588
"1050","Ecuador","ETP138",-0.28115,-90.56861
"1051","Ecuador","ETP143",-0.27971,-90.54489
"1052","Ecuador","ETP162",-0.29786,-90.55091
"1053","Ecuador","ETP232",-0.23645,-90.57447
"1054","Ecuador","ETP236",-0.23095,-90.58803
"1055","Ecuador","ETP237",-0.23551,-90.58061
"1062","Ecuador","ETP139",-1.34813,-89.6366
"1063","Ecuador","ETP155",-1.37844,-89.6236
"1064","Ecuador","ETP171",-1.33901,-89.64402
"1068","Ecuador","ETP176",-1.3579,-89.64422
"1069","Ecuador","ETP247",1.37867,-91.8194
"1070","Ecuador","ETP248",1.37978,-91.8183
"1073","Ecuador","ETP243",1.38374,-91.8117
"1074","Ecuador","ETP244",1.38318,-91.8111
"1075","Ecuador","ETP245",1.38696,-91.8164
"1076","Ecuador","ETP246",1.387,-91.8166
"1081","Ecuador","ETP128",1.67363,-91.98928
"1082","Ecuador","ETP158",1.68095,-92.001
"1083","Ecuador","ETP159",1.68074,-91.9995
"1086","Ecuador","ETP174",0.30936,-90.40312
"1087","Ecuador","ETP203",0.2821,-90.49147
"1088","Ecuador","ETP204",0.28602,-90.50151
"1092","Ecuador","ETP233",0.31283,-90.40129
"1093","Ecuador","ETP164",0.34017,-89.96983
"1094","Ecuador","ETP165",0.33531,-89.97502
"1095","Ecuador","ETP166",0.30032,-89.94461
"1096","Ecuador","ETP167",0.30678,-89.9681
"1101","Ecuador","ETP186",-1.60077,-80.85869
"1102","Ecuador","ETP235",-1.59102,-80.87155
"1104","Ecuador","ETP163",-1.25875,-81.05992
"1105","Ecuador","ETP126",-1.27287,-81.05368
"1107","Ecuador","ETP137",-1.2837,-81.06969
"1108","Ecuador","ETP215",-1.25533,-81.07017
"1109","Ecuador","ETP201",-1.27907,-81.07524
"1110","Ecuador","ETP202",-1.27642,-81.05039
"1111","Ecuador","ETP189",-1.27515,-81.05207
"1112","Ecuador","ETP172",-1.4036,-80.76951
"1113","Ecuador","ETP175",-1.47128,-80.78386
"1114","Ecuador","ETP196",-1.50074,-80.80472
"1116","Ecuador","ETP183",-1.47334,-80.78931
"1117","Ecuador","ETP216",-1.52181,-80.81674
"1118","Ecuador","ETP170",-1.49309,-80.8061
"1120","Tonga","TONGA1",-19.83026,-174.4173
"1121","Tonga","TONGA2",-19.8358,-174.4193
"1122","Tonga","TONGA3",-19.93805,-174.7136
"1123","Tonga","TONGA4",-19.9355,-174.72811
"1124","Tonga","TONGA5",-20.1081,-174.72811
"1125","Tonga","TONGA6",-20.10828,-174.70102
"1126","Tonga","TONGA7",-20.02291,-174.68276
"1127","Tonga","TONGA8",-18.7146,-174.10287
"1128","Tonga","TONGA9",-18.71621,-174.08363
"1129","Tonga","TONGA10",-18.7158,-174.14896
"1130","Tonga","TONGA11",-18.71749,-174.14868
"1131","Tonga","TONGA12",-18.69375,-174.13804
"1132","Tonga","TONGA13",-18.692,-174.13804
"1133","Tonga","TONGA14",-18.68827,-174.04477
"1136","Cook Islands","COOK1",-18.85415,-159.80642
"1137","Cook Islands","COOK2",-18.85616,-159.81254
"1138","Cook Islands","COOK3",-18.92829,-159.75881
"1139","Cook Islands","COOK4",-18.85491,-159.80999
"1140","Niue","NIUE1",-19.12596,-169.91409
"1141","Niue","NIUE2",-19.12598,-169.91349
"1142","Niue","NIUE3",-19.05676,-169.92366
"1143","Niue","NIUE4",-19.12953,-169.91762
"1144","Niue","NIUE5",-18.97603,-169.89648
"1145","Niue","NIUE6",-19.0612,-169.9316
"1146","Niue","NIUE7",-19.0618,-169.933
"1150","French Polynesia","MI1",-9.88992,-139.07823
"1151","French Polynesia","MI2",-9.90635,-139.10408
"1152","French Polynesia","MI3",-9.39721,-140.12833
"1153","French Polynesia","MI4",-9.40052,-140.13117
"1154","French Polynesia","MI5",-9.40621,-140.12833
"1155","French Polynesia","MI6",-8.94792,-140.16498
"1156","French Polynesia","MI7",-8.82557,-140.24975
"1157","French Polynesia","FP16",-15.9408,-145.91479
"1158","French Polynesia","FP17",-15.93489,-145.88078
"1159","French Polynesia","FP18",-15.9374,-145.89144
"1160","French Polynesia","FP19",-16.07223,-145.70173
"1161","French Polynesia","FP20",-16.08315,-145.69337
"1162","French Polynesia","FP21",-16.0709,-145.69915
"1163","French Polynesia","FP22",-15.01409,-148.26711
"1164","French Polynesia","FP1",-17.53594,-149.58207
"1165","French Polynesia","FP2",-17.47593,-149.82433
"1166","French Polynesia","FP3",-17.48285,-149.89383
"1167","French Polynesia","FP4",-17.49007,-149.92352
"1168","French Polynesia","FP5",-17.0004,-149.59126
"1169","French Polynesia","FP6",-16.72503,-150.97299
"1170","French Polynesia","FP7",-16.69283,-151.03572
"1171","French Polynesia","FP8",-16.72781,-151.04663
"1172","French Polynesia","FP9",-16.74255,-151.42234
"1173","French Polynesia","FP10",-16.7456,-151.42573
"1174","French Polynesia","FP11",-16.74719,-151.42478
"1175","French Polynesia","FP14",-16.74082,-151.42032
"1176","French Polynesia","FP12",-16.43979,-151.76589
"1177","French Polynesia","FP13",-16.43719,-151.76281
"1178","French Polynesia","FP15",-16.77861,-153.95642
"1184","Cambodia","CAM2",10.66321,103.2908
"1185","Cambodia","CAM4",10.62083,103.29556
"1186","Cambodia","CAM5",10.73029,102.86565
"1187","Cambodia","CAM6",10.73054,102.86718
"1188","Cambodia","CAM7",10.62253,103.28933
"1189","Cambodia","CAM8",10.62054,103.29564
"1190","Cambodia","CAM9",10.61955,103.29703
"1191","Australia","GBR156",-18.832,147.63303
"1193","Australia","GBR159",-18.73144,147.72472
"1195","Australia","GBR161",-18.66084,147.70284
"1197","Australia","GBR160",-18.66173,147.7231
"1199","Australia","GBR162",-18.65153,147.70988
"1201","Australia","GBR168",-18.53599,147.53253
"1203","Australia","GBR177",-18.40566,147.44558
"1205","Australia","GBR178",-18.40403,147.44847
"1207","Australia","GBR179",-18.26883,147.37874
"1209","Australia","GBR180",-18.26705,147.38376
"1211","Australia","GBR181",-18.26259,147.37756
"1213","Australia","GBR163",-18.65069,147.40128
"1215","Australia","GBR164",-18.65033,147.40462
"1221","Maldives","MAL6",3.79793,72.70473
"1222","Maldives","MAL1",4.21548,73.48631
"1223","Maldives","MAL10",3.63686,72.93082
"1224","Maldives","MAL11",3.78353,72.96694
"1225","Maldives","MAL12",3.97386,73.49112
"1226","Maldives","MAL2",4.27899,73.5563
"1227","Maldives","MAL3",4.12838,72.83809
"1228","Maldives","MAL4",3.937,72.91217
"1229","Maldives","MAL5",3.72858,72.76084
"1230","Maldives","MAL7",3.47787,72.87493
"1231","Maldives","MAL8",3.59574,72.88331
"1232","Maldives","MAL9",3.58645,72.71877
"1233","Seychelles","SEY1",-4.5617,55.43125
"1234","Seychelles","SEY2",-4.59459018707275,55.4269790649414
"1235","Seychelles","SEY3",-4.63837,55.37519
"1236","Seychelles","SEY4",-4.63901,55.36755
"1237","Seychelles","SEY5",-4.61534,55.40671
"1238","Seychelles","SEY6",-4.6028,55.42263
"1239","Seychelles","SEY7",-4.59893,55.42454
"1241","Seychelles","SEY8",-4.58461,55.42991
"1242","Seychelles","SEY9",-4.61066,55.41761
"1243","Seychelles","SEY10",-4.66513,55.37209
"1244","Seychelles","SEY11",-4.66870021820068,55.3954086303711
"1245","Seychelles","SEY12",-4.61929,55.39012
"1246","Tanzania","TZN1",-10.19475,40.14412
"1247","Tanzania","TZN2",-10.20187,40.14165
"1248","Tanzania","TZN3",-10.23305,40.16885
"1249","Tanzania","TZN4",-10.23706,40.1873
"1250","Tanzania","TZN5",-10.23944,40.17892
"1251","Tanzania","TZN6",-10.26363,40.18838
"1252","Tanzania","TZN7",-10.26472,40.1908
"1253","Tanzania","TZN8",-10.25107,40.16205
"1254","Tanzania","TZN9",-10.31266,40.39043
"1255","Netherlands Antilles","BON1",12.03208,-68.25982
"1256","Netherlands Antilles","BON10",12.10111,-68.28755
"1257","Netherlands Antilles","BON11",12.07192,-68.28196
"1258","Netherlands Antilles","BON12",12.02624,-68.25249
"1259","Netherlands Antilles","BON13",12.03401,-68.2629
"1260","Netherlands Antilles","BON14",12.20998,-68.3217
"1261","Netherlands Antilles","BON2",12.06455,-68.28318
"1262","Netherlands Antilles","BON3",12.20461,-68.31464
"1263","Netherlands Antilles","BON4",12.21155,-68.32854
"1264","Netherlands Antilles","BON5",12.20594,-68.31682
"1265","Netherlands Antilles","BON6",12.2188,-68.35203
"1266","Netherlands Antilles","BON7",12.13128,-68.28501
"1267","Netherlands Antilles","BON8",12.10538,-68.29041
"1268","Netherlands Antilles","BON9",12.19982,-68.3086
"1269","Spain","CAN36",28.4021,-16.3283
"1272","Spain","CAN37",28.5858,-17.9116
"1274","Spain","CAN38",28.4553,-17.8444
"1276","Spain","CAN40",28.6784,-17.7654
"1277","Spain","CAN41",28.6742,-17.7647
"1278","Spain","CAN42",28.5469,-16.3698
"1280","Spain","CAN43",28.2878,-16.37839
"1281","Spain","CAN44",28.24809,-16.84349
"1283","Spain","CAN45",28.26846,-16.85099
"1288","Spain","CAN12",28.14238,-16.4387
"1289","Spain","CAN13",28.19274,-16.42234
"1294","Spain","CAN11",28.5085,-16.1811
"1301","Spain","CAN39",28.6715,-17.7639
"1307","Australia","NMP-C3",-23.14152,113.75364
"1310","Australia","NMP-C1",-23.17701,113.75987
"1317","Australia","NMP-C4",-23.19995,113.76354
"1330","Australia","NMP24",-23.20194,113.76248
"1332","Australia","NMP-P2",-23.31925,113.7807
"1335","Australia","NMP25",-23.19459,113.75209
"1337","Australia","NMP26",-23.2175,113.75466
"1339","Australia","NMP27",-23.13496,113.7404
"1341","Australia","NMP-BF1",-21.83921,114.17564
"1344","Australia","NMP-BF4",-21.83633,114.17777
"1349","Australia","NMP-BF2",-21.85245,114.16954
"1352","Australia","NMP-BF3",-21.86648,114.15926
"1355","French Polynesia","PAC1",-17.48149,-149.81842
"1356","French Polynesia","PAC2",-17.49221,-149.85392
"1358","French Polynesia","PAC3",-21.8089,-154.72712
"1359","French Polynesia","PAC4",-21.79699,-154.7145
"1360","French Polynesia","PAC5",-21.80433,-154.72078
"1362","French Polynesia","PAC6",-21.81136,-154.72792
"1364","French Polynesia","PAC7",-21.79135,-154.70135
"1366","French Polynesia","PAC8",-21.79902,-154.71623
"1370","Cook Islands","PAC9",-21.20091,-159.76789
"1371","Cook Islands","PAC10",-21.19587,-159.7935
"1373","Cook Islands","PAC11",-18.0483,-163.19341
"1377","Cook Islands","PAC12",-18.04635,-163.19069
"1378","Cook Islands","PAC13",-17.99609,-163.17459
"1380","Cook Islands","PAC14",-13.25131,-163.1132
"1382","Cook Islands","PAC15",-13.25559,-163.1111
"1384","Cook Islands","PAC16",-13.25158,-163.09743
"1386","Cook Islands","PAC17",-13.24783,-163.09517
"1388","Cook Islands","PAC18",-13.25593,-163.09905
"1390","Cook Islands","PAC19",-13.25037,-163.09197
"1392","Cook Islands","PAC20",-13.2541,-163.09476
"1394","Cook Islands","PAC21",-13.30521,-163.12854
"1396","Cook Islands","PAC22",-13.22792,-163.13067
"1398","Cook Islands","PAC23",-13.25201,-163.11956
"1400","Cook Islands","PAC24",-13.23017,-163.13503
"1402","Cook Islands","PAC25",-13.20604,-163.1329
"1404","American Samoa","PAC26",-14.1637,-169.68516
"1406","American Samoa","PAC27",-14.16394,-169.68718
"1408","American Samoa","PAC28",-14.16807,-169.68574
"1410","American Samoa","PAC29",-14.15962,-169.68162
"1412","American Samoa","PAC30",-14.17817,-169.65513
"1414","American Samoa","PAC31",-14.17125,-169.68514
"1416","American Samoa","PAC32",-14.16952,-169.68672
"1418","American Samoa","PAC33",-14.1644,-169.68301
"1420","American Samoa","PAC34",-14.5348,-168.16045
"1422","American Samoa","PAC35",-14.54903,-168.16197
"1424","American Samoa","PAC36",-14.54895,-168.15986
"1426","American Samoa","PAC37",-14.54343,-168.16185
"1428","American Samoa","PAC38",-14.53794,-168.15357
"1430","American Samoa","PAC39",-14.54156,-168.15939
"1432","American Samoa","PAC40",-14.53308,-168.1567
"1434","American Samoa","PAC41",-14.53066,-168.15526
"1436","American Samoa","PAC42",-14.28339,-170.66541
"1438","American Samoa","PAC43",-14.28387,-170.67467
"1440","Samoa","PAC44",-13.81993,-171.76126
"1442","Samoa","PAC45",-13.82238,-171.76149
"1443","Tonga","PAC46",-15.92787,-173.76078
"1445","Tonga","PAC47",-15.93318,-173.77358
"1446","Tonga","PAC48",-15.93205,-173.77547
"1448","Tonga","PAC49",-15.93163,-173.77721
"1450","Tonga","PAC50",-15.92843,-173.77272
"1452","Tonga","PAC51",-18.03079,-174.33005
"1454","Tonga","PAC52",-19.96625,-174.49686
"1456","Tonga","PAC53",-19.9579,-174.49818
"1458","Tonga","PAC54",-19.96071,-174.48224
"1459","Tonga","PAC55",-20.50344,-174.7452
"1461","Tonga","PAC56",-20.50211,-174.74473
"1463","Tonga","PAC57",-20.5037,-174.7408
"1464","Tonga","PAC58",-21.11765,-175.16484
"1466","Tonga","PAC59",-21.10983,-174.98039
"1468","Tonga","PAC60",-21.10966,-174.97932
"1470","Tonga","PAC61",-23.62046,-178.89626
"1472","Tonga","PAC62",-23.62182,-178.92987
"1474","Tonga","PAC63",-23.64301,-178.93475
"1476","Tonga","PAC64",-23.64528,-178.92802
"1478","Tonga","PAC65",-23.63376,-178.93247
"1480","Tonga","PAC66",-23.62661,-178.93747
"1481","Tonga","PAC67",-23.93938,-179.12593
"1483","Tonga","PAC68",-23.94246,-179.11598
"1485","Tonga","PAC69",-23.93732,-179.13583
"1487","Brazil","BRA1",-17.95912,-38.65565
"1489","Brazil","BRA10",-17.69942,-38.94211
"1491","Brazil","BRA2",-17.99809,-38.67134
"1493","Brazil","BRA3",-17.96548,-38.69404
"1495","Brazil","BRA4",-17.98364,-38.66773
"1497","Brazil","BRA5",-17.96062,-38.69363
"1499","Brazil","BRA6",-17.96253,-38.6964
"1501","Brazil","BRA7",-17.47842,-39.02808
"1505","Brazil","BRA8",-17.66486,-38.99882
"1507","Brazil","BRA9",-17.66664,-38.99719
"1509","Chile","EI5",-26.47167,-105.36776
"1510","Chile","EI1",-26.47427,-105.36414
"1512","Chile","EI3",-26.47216,-105.36455
"1514","Chile","EI7",-26.46919,-105.36143
"1515","United States","HAWAII1",21.28665,-157.86125
"1517","United States","HAWAII2",21.2735,-157.83919
"1518","United States","HAWAII3",21.26188,-157.82866
"1520","United States","HAWAII4",21.28786,-157.86465
"1521","United States","HAWAII6",21.65314,-158.06386
"1522","United States","HAWAII5",21.65421,-158.06438
"1523","United States","HAWAII7",21.63611,-158.06952
"1524","United States","HAWAII8",21.27118,-157.6926
"1525","United States","HAWAII9",21.26966,-157.69544
"1526","Japan","JAPAN5",26.4438,127.77268
"1527","Japan","JAPAN6",26.65446,127.85755
"1528","Japan","JAPAN7",26.66396,127.87361
"1529","Japan","JAPAN8",26.62606,127.85894
"1530","Japan","JAPAN9",26.60083,127.91458
"1531","Japan","JAPAN10",26.64556,127.82425
"1533","Japan","JAPAN11",26.63394,127.86467
"1534","Japan","JAPAN12",26.63462,127.86521
"1540","Solomon Islands","SOL5",-8.0252,156.79948
"1541","Solomon Islands","SOL4",-8.01299,156.75628
"1542","Solomon Islands","SOL3",-8.11317,156.91073
"1543","Solomon Islands","SOL2",-8.13474,156.96666
"1544","Solomon Islands","SOL1",-8.09965,156.86837
"1545","Spain","CAN16",28.3416,-16.9198
"1546","Spain","CAN17",28.3423,-16.9179
"1553","Spain","CAN18",28.3429,-16.9213
"1555","Spain","CAN15",28.27456,-16.38328
"1559","Spain","CAN19",28.4013,-16.3312
"1562","Spain","CAN20",28.4009,-16.332
"1564","Spain","CAN21",28.29452,-16.37373
"1568","Spain","CAN22",28.40484,-16.31606
"1569","Spain","CAN23",28.40742,-16.31047
"1572","Spain","CAN24",28.22075,-16.41267
"1575","Spain","CAN25",28.4061,-16.3148
"1579","Spain","CAN26",28.23907,-16.40304
"1580","Spain","CAN27",28.09883,-16.47955
"1583","Spain","CAN28",28.09427,-16.48191
"1585","Spain","CAN29",28.24048,-16.40157
"1586","Spain","CAN30",28.11894,-16.46277
"1589","Spain","CAN31",28.2195,-16.4132
"1595","Spain","CAN32",28.9186,-13.68179
"1596","Spain","CAN33",28.9182,-13.6665
"1597","Spain","CAN34",28.91979,-13.67615
"1598","Spain","CAN46",28.917,-13.6942
"1600","Chile","EI10",-27.10899,-109.42207
"1602","Chile","EI11",-27.14517,-109.43736
"1605","Chile","EI12",-27.14813,-109.43549
"1607","Chile","EI13",-27.14784,-109.43746
"1608","Chile","EI14",-27.14409,-109.43516
"1610","Chile","EI15",-27.11061,-109.42365
"1611","Chile","EI16",-27.1629,-109.44569
"1612","Chile","EI17",-27.10952,-109.42402
"1614","Chile","EI2",-26.46935,-105.36454
"1616","Chile","EI4",-26.47464,-105.35948
"1617","Chile","EI6",-26.47387,-105.35848
"1618","Chile","EI8",-26.47477,-105.36463
"1619","Chile","EI9",-27.13317,-109.42881
"1621","French Polynesia","FP23",-23.10033,-134.86394
"1622","French Polynesia","FP24",-23.16183,-134.85622
"1623","French Polynesia","FP25",-23.15601,-134.85638
"1624","French Polynesia","FP26",-23.17137,-134.8552
"1625","French Polynesia","FP27",-23.16588,-134.85559
"1626","French Polynesia","FP28",-23.15316,-135.06086
"1627","French Polynesia","FP29",-23.13161,-135.02269
"1628","French Polynesia","FP30",-23.15663,-135.02109
"1629","French Polynesia","FP31",-18.08692,-140.99935
"1630","French Polynesia","FP32",-18.06747,-141.00187
"1631","French Polynesia","FP33",-18.07502,-141.00571
"1632","French Polynesia","FP34",-16.61614,-143.56057
"1633","French Polynesia","FP35",-16.61599,-143.56037
"1634","French Polynesia","FP38",-16.45038,-143.95858
"1635","French Polynesia","FP39",-16.44199,-143.96499
"1636","French Polynesia","FP40",-16.85665,-144.65797
"1637","French Polynesia","FP41",-16.85728,-144.65622
"1638","French Polynesia","FP42",-16.85098,-144.68583
"1639","French Polynesia","FP43",-16.84849,-144.68697
"1640","French Polynesia","FP44",-16.84893,-144.8958
"1641","French Polynesia","FP45",-16.83877,-144.69469
"1642","French Polynesia","FP48",-16.70424,-145.36034
"1644","French Polynesia","FP49",-16.50639,-145.46147
"1645","French Polynesia","FP50",-16.5169,-145.45592
"1646","French Polynesia","FP51",-16.51503,-145.46203
"1647","French Polynesia","FP52",-16.07974,-145.69262
"1649","French Polynesia","FP53",-16.07705,-145.70184
"1650","French Polynesia","FP54",-16.07184,-145.70228
"1652","French Polynesia","FP55",-16.07667,-145.70985
"1653","French Polynesia","FP56",-15.9408,-145.91479
"1654","French Polynesia","FP57",-15.92323,-145.88571
"1655","French Polynesia","FP58",-15.94692,-145.88106
"1656","French Polynesia","FP59",-15.79749,-146.15323
"1657","French Polynesia","FP60",-15.78889,-146.14106
"1658","French Polynesia","FP61",-15.55977,-146.24266
"1659","French Polynesia","FP62",-15.55443,-146.24031
"1660","French Polynesia","FP63",-23.13814,-134.9196
"1662","French Polynesia","FP64",-23.12841,-134.90519
"1663","French Polynesia","FP65",-23.12842,-134.90345
"1666","French Polynesia","FP66",-23.10007,-134.8743
"1668","French Polynesia","FP67",-23.10112,-134.86613
"1669","French Polynesia","FP68",-23.09825,-134.86741
"1670","French Polynesia","FP69",-23.16863,-135.04515
"1671","French Polynesia","FP70",-23.10189,-134.86706
"1672","Ecuador","GAL1",-0.75988,-90.30595
"1682","Colombia","MPL6",4.00039,-81.60784
"1683","Colombia","MPL7",3.99869,-81.61169
"1684","Colombia","MPL8",4.00738,-81.60432
"1685","Pitcairn Islands","PIT1",-24.68358,-124.80179
"1687","Pitcairn Islands","PIT2",-24.66426,-124.80243
"1688","Pitcairn Islands","PIT3",-24.349,-128.349
"1690","Pitcairn Islands","PIT4",-24.36073,-128.35643
"1691","Pitcairn Islands","PIT5",-24.3374,-128.3449
"1692","Nicaragua","NIC3",11.11445,-85.78568
"1693","Nicaragua","NIC4",11.12183,-85.79685
"1694","Nicaragua","NIC5",11.13162,-85.80593
"1697","Nicaragua","NIC7",11.18912,-85.83932
"1699","Nicaragua","NIC11",11.26068,-85.8922
"1701","Nicaragua","NIC9",11.22128,-85.85402
"1702","Nicaragua","NIC10",11.23402,-85.86903
"1704","Nicaragua","NIC12",11.27203,-85.90358
"1706","Nicaragua","NIC13",11.28158,-85.90665
"1708","Nicaragua","NIC14",11.2951,-85.92125
"1710","Nicaragua","NIC1",11.10952,-85.78047
"1711","Nicaragua","NIC2",11.10745,-85.77317
"1712","Mozambique","MOZ1",-16.64002,39.72853
"1713","Mozambique","MOZ2",-16.65718,39.72448
"1715","Mozambique","MOZ3",-16.65562,39.71567
"1717","Australia","CS1",-19.29696,152.23517
"1718","Australia","CS2",-19.28441,152.21197
"1719","Australia","CS3",-19.28476,152.22077
"1720","Australia","CS4",-19.23026,152.32594
"1721","Australia","CS6",-19.25796,152.34184
"1722","Australia","CS7",-19.1254,152.38809
"1724","Australia","CS8",-19.09532,152.38714
"1731","Australia","CS5",-19.25323,152.3482
"1733","Australia","CS9",-16.92194,149.20002
"1735","Australia","CS10",-16.94777,149.18262
"1737","Australia","CS11",-16.93653,149.19696
"1738","Australia","CS12",-16.93007,149.19332
"1739","Australia","CS13",-16.92822,149.20228
"1740","Australia","CS14",-16.93573,149.99411
"1741","Australia","CS15",-16.92247,150.00647
"1742","Australia","CS16",-16.92251,150.01143
"1743","Australia","CS17",-16.97162,149.90476
"1744","Australia","CS18",-16.96134,149.90547
"1753","French Polynesia","FP36",-16.61563,-143.55919
"1754","French Polynesia","FP37",-16.63017,-143.57169
"1759","Papua New Guinea","PNG1",-5.09096,150.19649
"1760","Papua New Guinea","PNG2",-5.23625,150.10628
"1761","Papua New Guinea","PNG3",-5.30049,150.10766
"1762","Papua New Guinea","PNG4",-5.23648,150.17148
"1763","Papua New Guinea","PNG5",-5.29823,150.15976
"1764","Papua New Guinea","PNG6",-5.15591,150.15976
"1765","Papua New Guinea","PNG8",-5.2918,150.13112
"1766","Papua New Guinea","PNG9",-5.43439,150.08724
"1767","Papua New Guinea","PNG10",-4.24195,152.01956
"1768","Papua New Guinea","PNG7",-5.23387,150.10262
"1770","Australia","NI14",-29.06172,167.95021
"1780","New Zealand","KER8",-29.28343,-177.89233
"1782","New Zealand","KER9",-29.28075,-177.89578
"1783","New Zealand","KER10",-29.24917,-177.89496
"1784","New Zealand","KER12",-29.28089,-177.90442
"1785","New Zealand","KER13",-29.29627,-177.91518
"1786","New Zealand","KER14",-29.29233,-177.96092
"1787","New Zealand","KER7",-29.24814,-177.87839
"1791","New Zealand","KER11",-29.28177,-177.90259
"1798","Australia","EMR4",-29.44751,159.05391
"1800","Australia","EMR5",-29.44269,159.06088
"1802","Australia","EMR6",-29.44366,159.06796
"1804","Australia","EMR8",-29.44563,159.09369
"1806","Australia","EMR9",-29.44278,159.11231
"1808","Australia","EMR10",-29.44246,159.11843
"1810","Australia","EMR11",-29.44803,159.11499
"1812","Australia","EMR16",-29.45407,159.04857
"1814","Australia","EMR21",-29.95787,159.02814
"1816","Australia","EMR22",-29.96119,159.03659
"1818","Australia","EMR23",-29.92823,159.02745
"1820","Australia","EMR25",-29.91181,159.08131
"1822","Australia","EMR26",-29.92682,159.04417
"1824","Australia","EMR27",-29.91731,159.06029
"1826","Australia","EMR28",-29.9305,159.06213
"1828","Australia","EMR32",-29.95612,159.12732
"1830","Australia","EMR1",-29.45103,159.06227
"1832","Australia","EMR2",-29.45683,159.0622
"1834","Australia","EMR3",-29.46451,159.06873
"1836","Australia","EMR7",-29.44,159.09315
"1838","Australia","EMR12",-29.42234,159.11073
"1840","Australia","EMR13",-29.42655,159.12611
"1842","Australia","EMR14",-29.43351,159.13542
"1844","Australia","EMR15",-29.4341,159.09479
"1846","Australia","EMR17",-29.45221,159.04988
"1848","Australia","EMR18",-29.92554,159.0511
"1850","Australia","EMR19",-29.93329,159.0561
"1852","Australia","EMR20",-29.93192,159.06155
"1854","Australia","EMR24",-29.911,159.0691
"1856","Australia","EMR29",-29.91656,159.05681
"1858","Australia","EMR30",-29.92296,159.09285
"1860","Australia","EMR31",-29.93369,159.09714
"1862","Australia","EMR33",-29.95796,159.12759
"1864","Vanuatu","VAN1",-17.563,168.229
"1866","Spain","CAN48",28.3733,-16.7526
"1868","Spain","CAN59",28.022,-16.609
"1870","Spain","CAN58",28.021,-16.609
"1872","Spain","CAN57",28.1183,-16.7771
"1874","Spain","CAN56",28.079,-16.738
"1876","Spain","CAN55",28.179,-16.818
"1878","Spain","CAN54",28.178,-16.814
"1880","Spain","CAN52",28.0871,-16.4903
"1882","Spain","CAN47",28.662,-17.769
"1884","Spain","CAN60",28.28389,-16.86394
"1885","Spain","CAN61",28.22907,-16.84297
"1886","Spain","CAN62",28.17015,-16.80522
"1887","Spain","CAN63",28.11259,-16.76967
"1888","Spain","CAN64",28.00787,-16.6613
"1889","Spain","CAN65",28.02814,-16.59582
"1890","Spain","CAN66",28.02627,-16.7056
"1891","Spain","CAN67",28.04207,-16.71111
"1892","Spain","CAN68",28.08988,-16.74369
"1893","Spain","CAN69",28.15361,-16.43057
"1894","Australia","CS19",-23.25791,155.53659
"1896","Australia","CS20",-23.24725,155.53484
"1898","Australia","CS21",-23.25288,155.55157
"1900","Australia","CS22",-23.25491,155.55458
"1902","Australia","CS23",-23.24037,155.55701
"1904","Australia","CS24",-23.24474,155.54233
"1906","Australia","CS25",-23.244,155.54893
"1908","Australia","CS26",-23.24441,155.56322
"1910","Australia","CS27",-23.24794,155.56715
"1912","Australia","CS28",-23.24175,155.56126
"1914","Australia","CS29",-22.16999,155.47559
"1916","Australia","CS30",-22.16676,155.46684
"1918","Australia","CS31",-22.17677,155.47404
"1920","Australia","CS32",-22.17306,155.47695
"1922","Australia","CS33",-22.16356,155.45378
"1924","Australia","CS34",-22.17084,155.45462
"1925","Australia","CS35",-22.16866,155.45081
"1927","Australia","CS36",-22.1854,155.36165
"1929","Australia","CS37",-22.1868,155.36615
"1931","Australia","CS38",-22.18586,155.35576
"1933","Australia","CS39",-22.18985,155.35547
"1935","Australia","CS40",-22.19702,155.30064
"1937","Australia","CS41",-22.1977,155.29443
"1939","Australia","CS42",-22.18602,155.17601
"1941","Australia","CS43",-22.18826,155.17004
"1943","Australia","CS44",-22.17629,155.16463
"1945","Australia","CS45",-22.17583,155.17796
"1947","Australia","CS46",-21.85174,153.52123
"1949","Australia","CS47",-21.89659,153.5435
"1951","Australia","CS48",-21.89729,153.53757
"1953","Australia","CS49",-21.8,153.5
"1955","Australia","CS50",-21.91736,153.57968
"1957","Australia","CS51",-21.91631,153.58669
"1959","Australia","CS52",-21.25707,155.7542
"1961","Australia","CS53",-21.2603,155.7551
"1963","Australia","CS54",-21.25066,155.75829
"1965","Australia","CS55",-21.2535,155.76086
"1967","Australia","CS56",-21.248,155.76361
"1969","Australia","CS57",-21.24541,155.76497
"1971","Australia","CS58",-21.19993,155.76575
"1973","Australia","CS59",-21.20369,155.76593
"1975","Australia","CS60",-21.20282,155.77281
"1977","Australia","CS61",-21.20865,155.76982
"1979","Australia","CS62",-20.98007,154.39075
"1981","Australia","CS63",-21.0003,154.3944
"1983","Australia","CS64",-20.99787,154.39374
"1985","Australia","CS65",-21.0065,154.39197
"1987","Australia","CS66",-21.00829,154.38995
"1989","Australia","CS67",-21.01246,154.38369
"1991","Australia","CS68",-20.9767,154.34532
"1993","Australia","CS69",-20.99268,154.34946
"1995","Australia","CS70",-21.00132,154.36082
"1997","Australia","CS71",-21.02028,154.3699
"1999","Australia","CS72",-21.02036,154.37269
"2001","Australia","CS73",-20.93697,154.39572
"2003","Australia","CS74",-20.93624,154.39723
"2005","Australia","CS75",-17.40128,155.86461
"2007","Australia","CS76",-17.40318,155.86641
"2009","Australia","CS77",-17.4219093322754,155.851501464844
"2011","Australia","CS78",-17.41968,155.85163
"2013","Australia","CS79",-17.4316,155.85352
"2015","Australia","CS80",-17.4166,155.86227
"2017","Australia","CS81",-17.41488,155.8633
"2019","Australia","CS82",-17.4097595214844,155.86181640625
"2021","Australia","CS83",-17.38658,155.87503
"2022","Australia","CS84",-17.39014,155.86067
"2024","Australia","CS85",-17.38725,155.85807
"2026","Australia","CS86",-17.38807,155.8573
"2028","Australia","CS87",-17.3908,155.85532
"2030","Australia","CS88",-17.3766,155.84853
"2032","Australia","CS89",-17.11452,152.08067
"2034","Australia","CS90",-17.11768,152.07475
"2036","Australia","CS91",-17.12437,152.07445
"2038","Australia","CS92",-17.12526,152.0759
"2040","Australia","CS93",-17.12542,152.0778
"2042","Australia","CS94",-17.11595,151.9976
"2043","Australia","CS170",-17.119,152.0003
"2044","Australia","CS95",-17.11683,152.00083
"2046","Australia","CS96",-17.11373,151.96057
"2048","Australia","CS97",-17.1112,151.9607
"2050","Australia","CS98",-17.11325,151.84188
"2052","Australia","CS99",-17.11488,151.84062
"2054","Australia","CS100",-17.35843,151.52992
"2056","Australia","CS101",-17.41432,151.07258
"2058","Australia","CS102",-17.41703,151.07128
"2060","Australia","CS103",-17.43525,151.07027
"2062","Australia","CS104",-17.4347,151.07127
"2063","Australia","CS105",-17.45072,150.95122
"2065","Australia","CS106",-17.45238,150.95282
"2067","Australia","CS107",-17.65732,150.82337
"2069","Australia","CS108",-17.6565,150.82523
"2071","Australia","CS109",-17.65543,150.82493
"2073","Australia","CS110",-17.71175,150.73692
"2075","Australia","CS111",-17.71298,150.7345
"2077","Australia","CS112",-17.77302,150.63468
"2079","Australia","CS113",-17.77473,150.63277
"2081","Australia","CS114",-17.77347,150.6329
"2085","Australia","CS116",-18.07193,149.61072
"2087","Australia","CS117",-18.07257,149.61212
"2089","Australia","CS118",-18.0704,149.61337
"2091","Australia","CS119",-18.06817,149.61798
"2093","Australia","CS120",-17.86107,148.46912
"2094","Australia","CS121",-17.86169,148.47146
"2096","Australia","CS122",-17.87718,148.51165
"2098","Australia","CS123",-17.82899,148.50514
"2100","Australia","CS124",-17.82752,148.50348
"2102","Australia","CS125",-17.71423,148.44453
"2104","Australia","CS126",-17.71666,148.43873
"2106","Australia","CS127",-17.71505,148.4373
"2108","Australia","CS128",-17.70575,148.4606
"2110","Australia","CS129",-17.70304,148.46176
"2112","Australia","CS130",-16.93133,149.999
"2114","Australia","CS131",-16.93012,150.00203
"2116","Australia","CS132",-16.93157,149.99043
"2118","Australia","CS133",-16.93318,149.99036
"2120","Australia","CS134",-16.9366,150.00092
"2122","Australia","CS135",-16.59405,150.33423
"2124","Australia","CS136",-16.60686,150.32983
"2126","Australia","CS137",-16.59837,150.33033
"2128","Australia","CS138",-16.5971,150.34097
"2130","Australia","CS139",-16.53378,150.26845
"2132","Australia","CS140",-16.53091,150.26973
"2134","Australia","CS141",-16.52097,150.27712
"2136","Australia","CS142",-16.29778,149.95966
"2138","Australia","CS143",-16.29907,149.96294
"2140","Australia","CS144",-16.28601,149.95958
"2142","Australia","CS145",-16.2927,149.96138
"2144","Australia","CS146",-16.49974,147.84345
"2146","Australia","CS147",-16.51274,147.84033
"2148","Australia","CS148",-16.50813,147.84016
"2150","Australia","CS149",-16.50487,147.84137
"2152","Australia","CS150",-16.49493,147.84932
"2154","Australia","CS151",-16.47592,147.86608
"2156","Australia","CS152",-16.46823,147.86472
"2158","Australia","QLD71",-25.90016,153.18356
"2160","Australia","GBR265",-22.37484,152.5451
"2164","Australia","GBR153",-19.30442,147.62544
"2168","Australia","CS153",-13.85535,146.62455
"2170","Australia","CS154",-13.854,146.6254
"2171","Australia","CS155",-13.8914,146.55312
"2174","Australia","CS156",-13.88295,146.56243
"2176","Australia","CS157",-13.8954,146.5576
"2178","Australia","CS158",-13.87003,146.57765
"2180","Australia","GBR236",-13.9568,143.8381
"2182","Australia","GBR235",-13.96303,143.83638
"2184","Australia","CS159",-13.8527,146.574
"2186","Australia","GBR237",-12.40092,143.37201
"2187","Australia","GBR238",-12.09593,143.25527
"2189","Australia","GBR240",-12.08897,143.25535
"2192","Australia","GBR239",-12.09221,143.25496
"2194","Australia","GBR241",-12.08221,143.25496
"2196","Australia","NWS1",-12.7982301712036,124.26815032959
"2198","Australia","NWS2",-12.5583,124.0382
"2199","Australia","NWS5",-11.97961,123.38074
"2201","Australia","NWS6",-11.97448,123.38116
"2203","Australia","NWS8",-11.97908,123.36079
"2204","Australia","NWS11",-11.98059,123.33523
"2206","Australia","NWS12",-11.97626,123.33757
"2208","Australia","NWS13",-11.9834,123.3271
"2209","Australia","NWS15",-12.2159,123.00575
"2211","Australia","NWS17",-12.24179,122.99063
"2212","Australia","NWS20",-12.24414,123.00182
"2213","Australia","NWS21",-12.24405,122.99881
"2214","Australia","NWS23",-12.23384,122.99001
"2215","Australia","NWS26",-13.62389,121.99474
"2216","Australia","NWS27",-14.07039,121.96127
"2217","Australia","NWS30",-14.14184,121.9589
"2218","Australia","NWS31",-14.14383,121.95693
"2219","Australia","NWS32",-14.10934,121.96473
"2220","Australia","NWS33",-14.05597,121.95847
"2221","Australia","NWS34",-14.06257,121.9653
"2222","Australia","NWS35",-14.0717,121.95083
"2223","Australia","NWS36",-14.0747,121.78767
"2224","Australia","NWS37",-14.0453,121.78072
"2225","Australia","NWS38",-14.06866,121.77651
"2226","Australia","NWS39",-14.0828,121.74816
"2227","Australia","NWS40",-14.0785,121.742
"2228","Australia","NWS41",-14.10823,121.72068
"2230","Australia","NWS3",-11.9719,123.3878
"2231","Australia","NWS4",-11.969,123.3794
"2232","Australia","NWS7",-11.9671,123.3586
"2233","Australia","NWS9",-11.9685,123.3356
"2234","Australia","NWS10",-11.97452,123.32136
"2236","Australia","NWS14",-12.217,123.00392
"2237","Australia","NWS16",-12.23963,122.98389
"2238","Australia","NWS19",-12.24054,122.98329
"2239","Australia","NWS22",-12.24109,122.9864
"2241","Australia","NWS24",-12.24264,122.98531
"2242","Australia","NWS25",-12.23989,122.98643
"2244","Australia","NWS28",-14.1327,121.94218
"2245","Australia","NWS29",-14.12668,121.94546
"2264","Australia","NWS18",-12.24122,122.98493
"2268","Australia","TS1",-10.6055,141.9158
"2269","Australia","NT37",-11.6739,136.8231
"2270","Australia","NT102",-11.222,136.6853
"2271","Australia","NT103",-11.233,136.6855
"2273","Australia","NT100",-11.6689,136.8271
"2280","Israel","RED16",29.44861,34.96944
"2281","Israel","RED17",29.43003,34.97376
"2282","Israel","RED14",29.5012,34.917
"2284","Israel","RED15",29.50276,34.91884
"2285","Australia","NWS50",-17.6101,118.97
"2287","Australia","NWS51",-17.6089,118.96364
"2289","Australia","NWS52",-17.6089,118.96364
"2291","Australia","NWS53",-17.579,118.96872
"2293","Australia","NWS54",-17.5804,118.9369
"2295","Australia","NWS55",-17.56991,118.97193
"2297","Australia","NWS56",-17.6102,118.9747
"2299","Australia","NWS57",-17.548,118.9737
"2300","Australia","NWS58",-17.5531,118.9738
"2301","Australia","NWS59",-17.54732,118.9668
"2303","Australia","NWS60",-17.54749,118.96884
"2305","Australia","NWS61",-17.5582,118.9724
"2307","Australia","NWS62",-17.50713,118.96635
"2308","Australia","NWS63",-17.50218,118.96276
"2310","Australia","NWS64",-17.56045,118.94214
"2312","Australia","NWS65",-17.13371,119.6339
"2314","Australia","NWS66",-17.0764,119.6539
"2317","Australia","NWS67",-17.07374,119.6455
"2319","Australia","NWS68",-17.06263,119.64696
"2321","Australia","NWS69",-17.0658,119.6494
"2323","Australia","NWS70",-17.1641,119.6277
"2325","Australia","NWS71",-17.15365,119.6311
"2327","Australia","NWS72",-17.0754,119.64617
"2329","Australia","NWS73",-17.06644,119.64167
"2331","Australia","NWS74",-17.06983,119.64367
"2333","Australia","NWS75",-17.08687,119.6148
"2335","Australia","NWS76",-17.11469,119.63474
"2337","Australia","NWS77",-17.06202,119.64815
"2339","Australia","NWS78",-17.0666,119.64027
"2341","Australia","NWS79",-17.0721,119.6533
"2343","Australia","NWS80",-17.08181,119.65518
"2345","Australia","NWS81",-17.02767,119.61792
"2347","Australia","NWS82",-17.0762,119.5962
"2349","Australia","NWS83",-17.24607,119.35201
"2351","Australia","NWS84",-17.24612,119.34713
"2353","Australia","NWS85",-17.24607,119.35201
"2354","Australia","NWS86",-17.2909,119.35929
"2356","Australia","NWS87",-17.2843,119.3769
"2358","Australia","NWS88",-17.288,119.3775
"2360","Australia","NWS89",-17.25302,119.36037
"2361","Australia","NWS90",-17.28632,119.3724
"2363","Australia","NWS91",-17.28312,119.37301
"2365","Australia","NWS92",-17.28321,119.37053
"2366","Australia","NWS93",-17.29772,119.3423
"2368","Australia","NWS94",-17.31065,119.3675
"2370","Australia","NWS95",-17.31065,119.3675
"2372","Australia","NWS96",-17.31882,119.3605
"2374","Australia","NWS97",-17.3155,119.3675
"2376","Australia","NWS98",-17.30694,119.37064
"2378","Australia","NWS99",-17.2909,119.35929
"2380","Australia","NWS100",-17.29965,119.37575
"2382","Australia","NWS101",-17.35516,119.38393
"2384","Australia","NWS102",-17.3139,119.37816
"2385","Australia","NWS103",-19.58223,119.10994
"2386","Australia","NWS104",-19.58005,119.11058
"2388","Australia","NWS105",-19.57575,119.10667
"2390","Australia","NWS106",-19.58873,119.1113
"2392","Australia","NWS107",-19.59086,119.11063
"2398","Australia","NWS110",-20.119,118.46883
"2400","Australia","NWS111",-20.03417,118.37617
"2402","Australia","NWS112",-20.24701,117.90517
"2404","Australia","NWS113",-20.25835,117.88448
"2406","Australia","NWS114",-20.4367,117.1048
"2408","Australia","NWS115",-20.4308,117.0966
"2410","Australia","NWS116",-20.4329,117.0634
"2412","Australia","NWS117",-20.40053,116.91709
"2414","Australia","NWS118",-20.40494,116.93217
"2416","Australia","NWS119",-20.3743,116.8053
"2420","Australia","NWS121",-20.45675,116.58642
"2422","Australia","NWS122",-20.46293,116.5745
"2424","Australia","NWS123",-20.4787,116.5332
"2426","Australia","NWS124",-20.53126,116.53544
"2428","Australia","NWS125",-20.54011,116.54071
"2430","Australia","NWS126",-20.61514,116.47628
"2432","Australia","NWS127",-20.4513,115.6051
"2434","Australia","NWS128",-20.40579,115.58393
"2436","Australia","NWS129",-20.38763,115.5655
"2438","Australia","NWS130",-20.3945,115.542
"2440","Australia","NWS131",-20.3686,115.5257
"2442","Australia","NWS132",-20.37329,115.53338
"2444","Australia","NWS133",-20.36597,115.50866
"2446","Australia","NWS134",-20.4007,115.5001
"2448","Australia","NWS135",-20.45987,115.55078
"2450","Australia","NWS136",-20.4659,115.5468
"2452","Australia","NWS137",-20.5066,115.5647
"2454","Australia","NWS138",-20.5085,115.5433
"2456","Australia","NWS139",-20.4527,115.4784
"2458","Australia","NWS140",-20.5097,115.4773
"2460","Australia","NWS141",-20.55596,115.5725
"2462","Australia","NWS142",-20.555,115.5731
"2464","Australia","NWS143",-20.57663,115.5774
"2466","Australia","NWS144",-20.629,115.5832
"2468","Australia","NWS145",-20.7348,115.4946
"2470","Australia","NWS146",-20.80068,115.504
"2472","Australia","NWS147",-20.7837,115.5001
"2474","Australia","NWS148",-20.7848,115.5251
"2476","Australia","NWS149",-20.7556,115.5745
"2478","Australia","NWS150",-20.8999,115.4508
"2480","Australia","NWS152",-20.951,115.4629
"2482","Australia","NWS153",-20.9946,115.4799
"2484","Australia","NWS154",-21.0778,115.5132
"2486","Australia","NWS155",-21.31958,115.17213
"2488","Australia","NWS156",-21.32233,115.17332
"2489","Australia","NWS157",-21.63678,114.39077
"2491","Australia","NWS158",-21.65079,114.37691
"2493","Australia","NWS159",-21.67022,114.35251
"2495","Australia","NWS160",-21.94178,114.16068
"2497","Australia","NWS161",-22.01948,114.12743
"2499","Australia","NWS162",-22.02105,114.125
"2509","Indonesia","RAJA1",-0.56005,130.66519
"2512","Indonesia","RAJA10",-0.55515,130.67675
"2513","Indonesia","RAJA11",-0.48774,130.66423
"2516","Indonesia","RAJA12",-0.50721,130.6656
"2519","Indonesia","RAJA13",-0.51544,130.67327
"2521","Indonesia","RAJA14",-0.44995,130.69781
"2523","Indonesia","RAJA15",-0.55402,130.68881
"2525","Indonesia","RAJA17",-0.50709,130.73747
"2527","Indonesia","RAJA18",-0.5903,130.60341
"2529","Indonesia","RAJA19",-0.54459,130.25262
"2532","Indonesia","RAJA2",-0.57029,130.65885
"2534","Indonesia","RAJA20",-0.59112,130.29654
"2537","Indonesia","RAJA21",-0.58955,130.31434
"2540","Indonesia","RAJA22",-0.55603,130.68628
"2541","Indonesia","RAJA23",-0.58046,130.64277
"2543","Indonesia","RAJA24",-0.55513,130.67764
"2545","Indonesia","RAJA25",-0.59765,130.56162
"2547","Indonesia","RAJA26",-0.59181,130.57585
"2549","Indonesia","RAJA27",-0.41728,130.5677
"2551","Indonesia","RAJA28",-0.46386,130.68643
"2553","Indonesia","RAJA29",-0.69542,130.71923
"2555","Indonesia","RAJA3",-0.56898,130.66519
"2558","Indonesia","RAJA30",-0.70385,130.70863
"2560","Indonesia","RAJA31",-0.58148,130.55201
"2562","Indonesia","RAJA4",-0.55917,130.68728
"2564","Indonesia","RAJA5",-0.5608,130.54279
"2565","Indonesia","RAJA6",-0.55658,130.6901
"2569","Indonesia","RAJA7",-0.55304,130.69444
"2570","Indonesia","RAJA8",-0.54055,130.631
"2571","Indonesia","RAJA9",-0.54304,130.69269
"2573","Indonesia","RAJA16",-0.53489,130.71652
"2574","Republic of the Marshall Islands","AL1",10.25911,169.98007
"2575","Republic of the Marshall Islands","AL2",10.2822,169.97562
"2576","Republic of the Marshall Islands","AL3",10.22375,169.96187
"2577","Republic of the Marshall Islands","AL4",10.292,169.85435
"2579","Republic of the Marshall Islands","AL9",10.29374,169.85294
"2580","Republic of the Marshall Islands","AL5",10.25921,169.87247
"2581","Republic of the Marshall Islands","AL6",10.39396,169.91481
"2583","Republic of the Marshall Islands","AL7",10.40857,169.91403
"2585","Republic of the Marshall Islands","AL10",10.22592,169.92878
"2587","Republic of the Marshall Islands","RT1",11.1773,166.89346
"2588","Republic of the Marshall Islands","RT2",11.1551,166.89014
"2590","Republic of the Marshall Islands","RT3",11.1521,166.83543
"2592","Republic of the Marshall Islands","AL8",10.35851,169.90865
"2593","Republic of the Marshall Islands","RT4",11.16701,166.7572
"2595","Republic of the Marshall Islands","RT6",11.16352,166.88789
"2596","Republic of the Marshall Islands","RT10",11.16958,166.7742
"2597","Ecuador","ETP127",-1.67312,-80.83468
"2599","Ecuador","ETP129",1.67442,-91.99287
"2600","Ecuador","ETP130",1.67683,-92.00752
"2602","Panama","ETP131",7.39795,-81.6593
"2604","Ecuador","ETP132",0.3045,-89.95016
"2606","Ecuador","ETP133",0.31164,-89.9456
"2608","Ecuador","ETP134",-1.34421,-89.6682
"2610","Ecuador","ETP135",-1.34534,-89.66467
"2612","Ecuador","ETP136",-1.3655,-89.6337
"2614","Panama","ETP64",7.99153,-82.07242
"2616","Costa Rica","ETP29",5.51755,-87.04805
"2617","Indonesia","RAJA32",-0.45155,130.69332
"2618","Indonesia","RAJA33",-0.49793,130.72743
"2627","Panama","BOCAS1",9.23392009735107,-82.1118469238281
"2628","Panama","BOCAS2",9.28993034362793,-82.3430862426758
"2630","Panama","BOCAS3",9.23719,-82.32823
"2631","Panama","BOCAS5",9.30475044250488,-82.2755966186523
"2633","Panama","BOCAS7",9.33324,-82.21558
"2634","Panama","BOCAS8",9.34871959686279,-82.262580871582
"2636","Panama","BOCAS10",9.26541996002197,-82.1190567016602
"2637","Panama","BOCAS11",9.29109001159668,-82.3451995849609
"2638","Panama","BOCAS13",9.35758018493652,-82.2715682983398
"2640","Panama","BOCAS4",9.23964023590088,-82.3351211547852
"2641","Panama","BOCAS6",9.30154991149902,-82.2947463989258
"2644","Panama","BOCAS9",9.27962017059326,-82.1016235351562
"2645","Panama","BOCAS12",9.37804985046387,-82.3037261962891
"2659","Nicaragua","NIC15",11.12435,-85.80162
"2660","Nicaragua","NIC16",11.13343,-85.80495
"2661","Nicaragua","NIC18",11.19165,-85.83711
"2662","Nicaragua","NIC17",11.19044,-85.83832
"2663","Nicaragua","NIC22",11.20268,-85.846
"2664","Nicaragua","NIC24",11.35589,-86.00406
"2666","Nicaragua","NIC26",11.34847,-85.99886
"2667","Nicaragua","NIC29",11.385,-86.03813
"2668","Nicaragua","NIC27",11.36421,-86.01166
"2669","Nicaragua","NIC31",11.35082,-86.00204
"2670","Nicaragua","NIC32",11.38145,-86.03156
"2678","Nicaragua","NIC19",11.19034,-85.83937
"2679","Nicaragua","NIC20",11.20407,-85.8464
"2680","Nicaragua","NIC21",11.20382,-85.84623
"2681","Nicaragua","NIC23",11.35403,-86.00303
"2682","Nicaragua","NIC25",11.35036,-85.99895
"2683","Nicaragua","NIC28",11.38628,-86.03662
"2685","Nicaragua","NIC33",11.34733,-85.98935
"2686","Nicaragua","NIC30",11.38443,-86.03907
"2706","Australia","NMP28",-23.098,113.79429
"2708","Australia","NMP30",-23.04801,113.81886
"2709","Australia","NMP31",-23.20615,113.76029
"2722","Australia","NMP29",-23.16925,113.75708
"2723","Australia","NMP32",-23.16465,113.75582
"2790","Turks and Caicos Islands","TCI1",21.8166,-72.18342
"2792","Turks and Caicos Islands","TCI2",21.81508,-72.1862
"2794","Turks and Caicos Islands","TCI3",21.49222,-72.21608
"2795","Turks and Caicos Islands","TCI4",21.49227,-72.21803
"2796","Spain","CAN75",28.033,-17.183
"2798","Spain","CAN76",28.08428,-17.11248
"2800","Spain","CAN77",28.17902,-17.17351
"2802","Spain","CAN78",28.04961,-17.29956
"2804","Spain","CAN79",27.73014,-17.94263
"2806","Spain","CAN80",27.64688,-18.003
"2808","Spain","CAN81",27.64584,-17.99843
"2810","Spain","CAN82",27.64904,-18.00961
"2812","Spain","CAN83",27.65214,-18.0128
"2814","Spain","CAN84",27.67466,-18.02942
"2816","Spain","CAN85",27.63926,-17.97657
"2818","Spain","CAN86",28.45657,-17.84973
"2820","Spain","CAN87",28.51999,-17.87712
"2822","Spain","CAN88",28.51114,-17.87684
"2824","Spain","CAN89",28.48221,-17.87105
"2825","Australia","GBR1",-23.89629,152.40782
"2826","Australia","GBR2",-23.89878,152.41618
"2828","Australia","GBR3",-23.89929,152.39361
"2830","Australia","GBR4",-23.90507,152.38958
"2832","Australia","GBR5",-23.89822,152.39725
"2834","Australia","GBR6",-23.85665,152.36312
"2835","Australia","GBR7",-23.85839,152.3645
"2837","Australia","GBR8",-23.85162,152.36769
"2839","Australia","GBR9",-23.86093,152.36279
"2841","Australia","GBR10",-23.80303,152.28887
"2843","Australia","GBR11",-23.53293,151.72316
"2845","Australia","GBR12",-23.46521,151.85275
"2847","Australia","GBR13",-23.29573,151.69486
"2849","Australia","GBR14",-23.30356,151.69659
"2851","Australia","GBR15",-23.3007,151.69482
"2853","Australia","GBR16",-23.24659,151.77309
"2855","Australia","GBR17",-23.24371,151.77568
"2858","Australia","GBR18",-23.20268,150.96978
"2859","Australia","GBR19",-23.21627,150.9634
"2860","Australia","GBR20",-23.16153,150.92055
"2861","Australia","GBR21",-23.15748,151.07047
"2862","Australia","GBR22",-23.15658,151.0729
"2863","Australia","GBR23",-20.37798,148.88837
"2864","Australia","GBR24",-19.81261,149.13292
"2865","Australia","GBR25",-19.81349,149.13617
"2866","Australia","GBR26",-19.79262,149.07111
"2867","Australia","GBR27",-19.79517,149.07878
"2868","Australia","GBR28",-18.56912,146.48232
"2879","Australia","GBR29",-17.65532,146.45682
"2880","Australia","GBR30",-17.51851,146.50336
"2881","Australia","GBR31",-17.51991,146.50098
"2882","Australia","GBR32",-17.52126,146.50107
"2899","Australia","GBR34",-16.92332,145.99627
"2902","Australia","GBR39",-14.66452,145.6632
"2905","Australia","CS178",-13.99381,146.69067
"2907","Australia","CS171",-15.48855,147.0903
"2909","Australia","CS172",-15.48253,147.0993
"2911","Australia","CS173",-15.48885,147.10716
"2913","Australia","CS179",-13.97563,146.67549
"2915","Australia","CS175",-15.4908,147.08723
"2917","Australia","CS176",-15.48135,147.10453
"2919","Australia","GBR36",-16.52168,145.53775
"2921","Australia","CS182",-13.89028,146.57249
"2923","Australia","GBR41",-13.97733,144.50067
"2925","Australia","GBR40",-13.97324,144.50097
"2926","Australia","CS184",-13.80117,146.54613
"2927","Australia","GBR43",-13.96062,144.37804
"2928","Australia","GBR33",-16.93323,145.98456
"2930","Australia","GBR35",-16.9221,145.99963
"2932","Australia","GBR37",-16.51779,145.5258
"2933","Australia","CS174",-15.48433,147.10759
"2937","Australia","CS177",-13.98559,146.69139
"2938","Australia","CS180",-13.96688,146.66721
"2939","Australia","CS181",-13.96617,146.6806
"2940","Australia","CS183",-13.88715,146.56733
"2942","Australia","GBR44",-13.95675,144.3855
"2951","Australia","GBR42",-13.98066,144.50024
"2954","Australia","GBR45",-12.28595,143.40371
"2955","Australia","GBR46",-12.28241,143.41092
"2957","Australia","GBR47",-12.28121,143.40709
"2959","Australia","CS186",-10.43422,144.45243
"2961","Australia","CS187",-10.44136,144.45293
"2963","Australia","CS190",-10.29918,144.5215
"2964","Australia","CS194",-10.03484,144.69893
"2966","Australia","CS192",-10.37655,144.53283
"2968","Australia","CS195",-10.21767,144.5954
"2970","Australia","CS196",-10.22136,144.59315
"2972","Australia","TS6",-10.38352,143.929
"2973","Australia","TS7",-10.28793,143.71759
"2975","Australia","CS199",-10.14325,144.4407
"2977","Australia","CS200",-10.11558,144.45777
"2978","Australia","CS201",-10.07613,144.4715
"2981","Australia","CS185",-10.44533,144.44918
"2986","Australia","GBR48",-12.28091,143.40302
"2987","Australia","GBR49",-12.29055,143.40232
"2988","Australia","CS188",-10.44121,144.43016
"2989","Australia","CS189",-10.44697,144.43347
"2990","Australia","CS191",-10.37448,144.53391
"2991","Australia","CS193",-10.03875,144.69198
"2992","Australia","CS197",-10.22733,144.58955
"2993","Australia","CS198",-10.23257,144.58684
"2994","Australia","TS8",-10.2875,143.70978
"3004","Nicaragua","NIC35",11.47667,-86.1625
"3005","Nicaragua","NIC36",11.52944,-86.19861
"3006","Nicaragua","NIC37",11.53694,-86.20389
"3007","Australia","GBR243",-23.53652,151.75731
"3009","Australia","GBR244",-23.5341,151.74968
"3011","Australia","GBR245",-23.53296,151.74516
"3013","Australia","GBR248",-23.49835,151.7747
"3015","Australia","GBR247",-23.49845,151.7789
"3017","Australia","GBR246",-23.50019,151.78232
"3019","Australia","GBR250",-23.25245,151.94545
"3021","Australia","GBR251",-23.24957,151.94255
"3023","Australia","GBR249",-23.25738,151.94713
"3025","Australia","GBR259",-23.17548,151.90863
"3027","Australia","GBR258",-23.1762,151.91215
"3029","Australia","GBR257",-23.1778,151.91543
"3031","Australia","NT20",-10.32329,132.70695
"3034","Australia","NT21",-10.32567,132.70608
"3035","Australia","NT22",-10.32259,132.71216
"3037","Australia","NT23",-10.3292,132.70797
"3038","Australia","NT24",-10.89047,132.78323
"3040","Australia","NT25",-10.90981,133.02106
"3042","Australia","NT26",-10.90471,133.02509
"3044","Australia","NT27",-10.91189,133.03697
"3045","Australia","NT28",-10.90088,133.03007
"3047","Australia","NT29",-10.91434,133.02695
"3049","Australia","NT30",-11.29259,133.79926
"3051","Australia","NT31",-11.29794,133.79705
"3053","Australia","NT32",-11.45221,133.71337
"3055","Australia","NT33",-11.43213,134.13394
"3057","Australia","NT34",-11.43542,134.13705
"3059","Australia","NT35",-11.94485,135.6048
"3061","Australia","NT36",-11.54674,136.42463
"3065","Australia","NT38",-11.65656,136.83032
"3067","Australia","NT39",-11.67792,136.81567
"3069","Australia","NT40",-11.64589,136.90555
"3071","Australia","NT41",-11.63092,136.92818
"3073","Australia","NT42",-11.61286,136.88966
"3075","Australia","NT43",-11.61786,136.87757
"3077","Australia","NT44",-12.08766,136.86673
"3079","Australia","NT45",-12.06836,136.87287
"3081","Australia","NT46",-12.09138,136.86574
"3083","Australia","NT47",-12.08731,136.8646
"3084","Australia","NT48",-12.08642,136.82581
"3086","Australia","NT49",-12.06204,136.61349
"3088","Australia","NT50",-12.0604,136.61107
"3090","Australia","NT51",-12.10804,136.78984
"3092","Australia","NT52",-12.88709,136.73149
"3094","Australia","NT53",-12.88063,136.7258
"3096","Australia","NT54",-12.88354,136.71155
"3098","Australia","NT55",-13.68147,136.44977
"3100","Australia","NT56",-14.30536,136.88546
"3102","Australia","NT57",-14.3085,136.88873
"3104","Australia","NT58",-14.35458,136.94998
"3106","Australia","NT59",-14.35117,136.94027
"3108","Australia","NT60",-15.46934,137.91781
"3110","Australia","GC11",-15.88759,139.03468
"3112","Australia","GC10",-16.06543,138.9105
"3117","Australia","GC8",-16.24374,139.60221
"3119","Australia","GC12",-15.52331,140.1165
"3121","Australia","GC13",-15.45387,140.18198
"3123","Australia","TS2",-10.6058,141.90612
"3125","Australia","GC15",-10.52637,141.47088
"3127","Australia","GC17",-10.49928,141.22807
"3129","Australia","GC16",-10.50174,141.22799
"3131","Australia","GC14",-10.74245,141.0585
"3133","Australia","TS9",-10.24809,142.47267
"3135","Australia","TS10",-10.24569,142.47559
"3137","Australia","TS27",-9.7946,142.62988
"3139","Australia","TS23",-9.88024,143.4815
"3141","Australia","TS24",-9.87725,143.48535
"3142","Australia","TS25",-9.8559,143.59106
"3144","Australia","TS26",-9.85555,143.59785
"3146","Australia","CS202",-10.06544,144.52417
"3148","Australia","CS203",-10.10677,144.68304
"3150","Australia","CS204",-10.10505,144.68513
"3152","Australia","CS205",-9.98595,144.67923
"3153","Australia","CS206",-9.97227,144.68823
"3154","Australia","CS207",-9.96837,144.69456
"3155","Australia","CS208",-9.98877,144.6913
"3157","Australia","CS209",-9.97456,144.694
"3160","Australia","CS210",-10.04321,144.68963
"3161","Australia","CS211",-10.14414,144.57626
"3163","Australia","CS212",-10.14587,144.57013
"3165","Australia","CS213",-10.15276,144.57715
"3167","Australia","CS214",-10.13842,144.5742
"3169","Australia","CS215",-10.23352,144.41098
"3171","Australia","CS216",-10.23137,144.41408
"3173","Australia","CS217",-10.23794,144.41244
"3175","Australia","CS218",-10.19376,144.41151
"3177","Australia","TS20",-9.95826,144.15061
"3179","Australia","TS18",-9.96107,144.15357
"3181","Australia","TS19",-9.96049,144.15589
"3183","Australia","TS17",-9.97146,144.1537
"3185","Australia","TS21",-9.9513,144.03178
"3187","Australia","TS22",-9.94215,144.02049
"3189","Australia","TS12",-10.06687,143.86969
"3191","Australia","TS11",-10.0696,143.87544
"3193","Australia","TS13",-10.06631,143.87446
"3195","Australia","TS16",-10.05737,143.83832
"3197","Australia","TS15",-10.05785,143.84266
"3199","Australia","TS14",-10.0599,143.883
"3205","Australia","TS5",-10.51905,143.09294
"3207","Australia","TS4",-10.52274,143.09259
"3209","Australia","TS3",-10.60265,141.90855
"3211","Belize","CBC1",16.77618,-88.0754
"3212","Belize","CBC2",16.8021,-88.07882
"3213","Belize","CBC3",16.80863,-88.08616
"3214","Belize","CBC6",16.80126,-88.08306
"3215","Belize","CBC14",16.86828,-88.06617
"3216","Belize","CBC17",16.78,-88.10123
"3217","East Timor","ET1",-8.55728,125.50053
"3219","Indonesia","AH1",-3.73226,128.13721
"3220","Indonesia","AH2",-3.73631,128.1349
"3221","Indonesia","AH3",-3.71001,128.10204
"3222","Indonesia","AH4",-3.71814,128.09338
"3223","Indonesia","AH5",-3.7677,128.1541
"3224","Indonesia","BS1",-4.5121,129.88875
"3225","Indonesia","BS2",-4.52338,129.89757
"3226","Indonesia","BS3",-4.51512,129.89878
"3227","Indonesia","BS4",-4.52632,129.89183
"3228","Indonesia","BS5",-4.50935,129.88402
"3229","Indonesia","BS6",-4.50583,129.88086
"3230","Indonesia","BS7",-4.51107,129.93881
"3231","Indonesia","BS8",-4.57843,130.03532
"3232","Indonesia","BS9",-4.63746,130.05772
"3233","Indonesia","BA1",-4.53,131.6519
"3234","Indonesia","BA2",-4.58683,131.68701
"3235","Indonesia","BA3",-4.53805,131.78299
"3236","Indonesia","BA8",-5.57744,132.70777
"3237","Indonesia","BA9",-5.57774,132.66299
"3238","Indonesia","BA10",-5.63704,132.62948
"3239","Indonesia","BA11",-5.66913,132.58354
"3240","Indonesia","BA12",-5.78261,132.62649
"3241","Indonesia","BA13",-6.00515,132.42802
"3242","Indonesia","TI1",-7.11347,131.42937
"3243","Indonesia","TI2",-7.23266,131.36471
"3244","Indonesia","TI3",-7.23763,131.37014
"3245","Indonesia","TI4",-7.44936,131.25861
"3246","Indonesia","TI5",-7.51491,131.14284
"3247","Indonesia","TI6",-7.87654,130.93653
"3248","Indonesia","TI7",-8.12118,131.11498
"3249","Indonesia","TI8",-8.31348,130.75911
"3250","Indonesia","TI9",-8.3154,130.76363
"3251","Australia","OS3",-9.88632,129.54748
"3252","Australia","OS4",-9.88453,129.41618
"3253","Australia","OS5",-11.13576,129.91309
"3254","Australia","OS6",-11.13407,129.91252
"3255","Australia","OS7",-10.89127,130.0992
"3256","Australia","OS8",-10.91023,130.09902
"3257","Australia","OS1",-9.87839984893799,129.287673950195
"3258","Australia","OS2",-9.88037967681885,129.28630065918
"3292","Indonesia","BA4",-4.71804,131.72684
"3294","Indonesia","BA5",-5.13609,132.01311
"3296","Indonesia","BA6",-5.1746,132.00893
"3298","Indonesia","BA7",-5.30438,131.99694
"3306","Australia","PIMP1",-29.69808,153.39755
"3314","Australia","GBR76",-19.80832,149.06582
"3320","Australia","CS221",-18.98545,152.34116
"3332","Australia","CS219",-19.24287,152.35543
"3336","Australia","CS220",-18.98672,152.34509
"3343","Australia","GBR145",-20.07311,148.92969
"3353","Caribbean Sea","CAR27",14.31107,-80.36544
"3354","Caribbean Sea","CAR28",14.3648,-80.27538
"3355","Caribbean Sea","CAR29",14.35256,-80.21694
"3356","Caribbean Sea","CAR30",14.36083,-80.22832
"3357","Caribbean Sea","CAR31",14.41114,-80.19104
"3358","Caribbean Sea","CAR32",14.45737,-80.25897
"3359","Caribbean Sea","CAR33",14.46479,-80.23952
"3360","Caribbean Sea","CAR34",14.30487,-80.35566
"3449","Belize","BZE1",16.80407,-88.07896
"3464","Belize","BZE2",16.79972,-88.07863
"3465","Belize","BZE3",16.80958,-88.08563
"3467","Belize","BZE4",16.75328,-88.09842
"3470","Belize","BZE5",16.78881,-88.07675
"3471","Belize","BZE6",16.80861,-88.08185
"3476","Australia","GBR72",-16.3902,145.5735
"3477","Australia","GBR78",-16.21338,145.7856
"3478","Australia","GBR71",-16.38648,145.5726
"3480","Australia","GBR77",-16.21103,145.7844
"3527","Australia","GBR62",-13.8185,144.28213
"3529","Australia","GBR79",-12.62743,143.58297
"3531","Australia","GBR58",-12.62531,143.58327
"3533","Australia","GBR56",-12.38175,143.75672
"3535","Australia","GBR55",-12.38375,143.76197
"3537","Australia","GBR57",-12.38391,143.772
"3676","Australia","GBR94",-22.37482,152.54288
"3684","Australia","GBR53",-11.76571,143.65005
"3686","Australia","GBR54",-12.16237,143.64859
"3696","Australia","GBR59",-12.87385,143.8151
"3698","Australia","GBR60",-12.87695,143.82034
"3700","Australia","GBR61",-12.00363,143.83904
"3704","Australia","GBR63",-13.99527,144.68397
"3706","Australia","GBR64",-13.98947,144.67643
"3708","Australia","GBR65",-14.0108,144.71335
"3710","Australia","GBR66",-14.49317,145.55476
"3712","Australia","GBR67",-14.51742,145.5309
"3714","Australia","GBR68",-14.74355,145.51577
"3716","Australia","GBR69",-14.7464,145.517
"3718","Australia","GBR70",-16.3835,145.571
"3724","Australia","GBR73",-16.5487,146.05
"3726","Australia","GBR74",-16.5515,146.05402
"3727","Australia","GBR75",-16.55537,146.05687
"3730","Australia","GBR215",-16.76915,145.973567
"3731","Australia","GBR214",-16.772867,145.977017
"3732","Australia","GBR202",-16.86967,146.23933
"3733","Australia","GBR203",-16.8535,146.24258
"3734","Australia","GBR198",-17.16005,146.00575
"3735","Australia","GBR197",-17.16215,146.00698
"3736","Australia","GBR196",-17.16368,146.01283
"3737","Australia","GBR199",-17.15843,146.01482
"3738","Australia","GBR190",-17.47175,146.40778
"3739","Australia","GBR191",-17.46858,146.40593
"3740","Australia","GBR169",-18.47873,146.88358
"3741","Australia","GBR172",-18.47182,146.87865
"3742","Australia","GBR176",-18.42833,147.05953
"3743","Australia","GBR175",-18.43517,147.06155
"3744","Australia","GBR155",-18.84637,146.54068
"3745","Australia","GBR154",-18.84722,146.54283
"3746","Australia","GBR165",-18.6292,147.08325
"3747","Australia","GBR166",-18.62263,147.08408
"3748","Australia","GBR170",-18.47673,147.06026
"3749","Australia","GBR171",-18.47453,147.05788
"3750","Australia","GBR174",-18.46053,147.0013
"3751","Australia","GBR173",-18.46287,147.00476
"3752","Australia","GBR167",-18.61763,147.44025
"3753","Australia","GBR158",-18.81132,147.67052
"3754","Australia","GBR157",-18.81732,147.66621
"3755","Australia","GBR149",-20.02943,149.6951
"3756","Australia","GBR151",-19.8088,149.4213
"3757","Australia","GBR152",-19.76625,149.38034
"3786","Australia","GBR80",-10.79166,142.97184
"3788","Australia","GBR82",-11.11549,143.02101
"3790","Australia","GBR83",-11.11333,143.01978
"3792","Australia","GBR85",-11.23159,143.35565
"3794","Australia","GBR87",-11.37218,143.98805
"3795","Australia","GBR88",-11.48989,143.84975
"3797","Australia","GBR90",-11.76133,143.65236
"3799","Australia","GBR91",-11.98055,143.65133
"3800","Australia","GBR92",-12.16167,143.65236
"3808","Australia","GBR93",-12.29665,143.41701
"3813","Australia","GBR95",-13.18186,143.83723
"3842","Australia","GBR81",-10.79462,142.97097
"3844","Australia","GBR84",-11.10772,143.01896
"3846","Australia","GBR86",-11.22806,143.35356
"3848","Australia","GBR89",-11.48898,143.85426
"3858","Australia","GBR97",-12.39903,143.36996
"3875","Australia","GBR96",-14.51005,145.52432
"3883","Australia","CS222",-18.0856,149.6346
"3884","Australia","CS223",-18.08593,149.63153
"3885","Australia","CS224",-17.78043,150.63979
"3894","Australia","CS225",-16.52928,150.28188
"3907","Australia","GBR211",-16.55388,146.04401
"3908","Australia","GBR212",-16.55161,146.04213
"3941","Australia","CS226",-16.54892,147.81968
"3948","Australia","CS227",-16.93801,149.21345
"3949","Australia","CS228",-16.94348,149.9987
"3958","Australia","CS229",-16.94455,150.00333
"3969","Australia","GBR100",-18.7331,147.26909
"3997","Australia","CS230",-17.13524,152.13081
"3999","Australia","CS231",-17.13183,152.13507
"4019","Australia","GBR107",-19.51879,148.73082
"4020","Australia","GBR99",-18.87096,147.70574
"4022","Australia","GBR98",-18.87268,147.71152
"4024","Australia","GBR101",-19.09582,148.28345
"4026","Australia","GBR102",-19.09846,148.28379
"4028","Australia","GBR103",-19.27208,148.34511
"4030","Australia","GBR104",-19.27445,148.34358
"4032","Australia","GBR105",-19.52072,148.71948
"4034","Australia","GBR106",-19.52167,148.72192
"4037","Australia","GBR108",-21.64143,150.24591
"4039","Australia","GBR109",-21.62366,150.24633
"4041","Australia","GBR110",-21.65447,150.24191
"4043","Australia","GBR111",-21.79107,151.87013
"4045","Australia","GBR112",-21.79238,151.88092
"4047","Australia","GBR113",-21.83517,152.32959
"4049","Australia","GBR114",-21.95686,152.4258
"4064","Spain","CAN14",27.8566,-15.3873
"4075","Spain","CAN35",28.9221,-13.67392
"4077","Spain","CAN107",28.07993,-17.33107
"4083","Spain","CAN50",28.38114,-16.35615
"4085","Spain","CAN51",28.38437,-16.35294
"4087","Spain","CAN53",28.0882,-16.4898
"4090","Spain","CAN70",28.1346,-16.4459
"4091","Spain","CAN71",28.57,-16.3338
"4092","Spain","CAN72",28.5119,-16.4206
"4093","Spain","CAN73",28.5043,-16.4247
"4094","Spain","CAN74",28.4143,-16.5602
"4096","Spain","CAN90",27.81696,-15.76132
"4098","Spain","CAN91",27.75495,-15.68283
"4100","Spain","CAN92",28.0981,-15.70889
"4102","Spain","CAN93",28.00561,-15.81666
"4195","Australia","EMR41",-29.93465,159.09327
"4211","Australia","EMR42",-29.94249,159.0847
"4215","Australia","EMR40",-29.4435,159.09767
"4217","Australia","EMR38",-29.45372,159.06567
"4219","Australia","EMR39",-29.4429,159.11502
"4221","Australia","EMR35",-29.47728,159.1216
"4223","Australia","EMR34",-29.48476,159.07662
"4225","Australia","EMR36",-29.45436,159.1422
"4227","Australia","EMR37",-29.48267,159.06495
"4265","Indonesia","RAJA34",-0.95579,131.14981
"4284","Indonesia","RAJA35",0.17251,130.03017
"4286","Indonesia","RAJA37",0.17066,130.00693
"4288","Indonesia","RAJA36",0.17229,130.00685
"4290","Indonesia","RAJA38",-0.5093,130.45433
"4292","Indonesia","RAJA40",-0.52209,130.45988
"4294","Indonesia","RAJA39",-0.51312,130.45984
"4298","Indonesia","RAJA41",-0.5635,130.51994
"4302","Indonesia","RAJA42",-2.00037,130.64153
"4304","Indonesia","RAJA43",-2.00466,130.63654
"4306","Indonesia","RAJA44",-2.00821,130.62825
"4308","Indonesia","RAJA45",-1.97103,130.46458
"4310","Indonesia","RAJA46",-1.96843,130.49767
"4312","Indonesia","RAJA48",-2.21882,130.56795
"4314","Indonesia","RAJA49",-2.21914,130.54764
"4316","Indonesia","RAJA47",-2.21892,130.56073
"4318","Indonesia","RAJA50",-2.22591,130.6011
"4320","Indonesia","RAJA51",-2.22082,130.6115
"4322","Indonesia","RAJA52",-2.19118,130.60385
"4324","Indonesia","RAJA54",-2.02615,130.683
"4326","Indonesia","RAJA53",-2.02469,130.69229
"4329","Cook Islands","COOK5",-21.2586,-159.81815
"4331","Australia","SI29",-29.98321,153.2278
"4336","Mexico","GOC10",23.44133,-109.41051
"4338","Mexico","GOC11",23.45921,-109.40623
"4340","Mexico","GOC12",23.36071,-109.42166
"4342","Mexico","GOC13",23.35763,-109.42063
"4344","Mexico","GOC14",23.40803,-109.41343
"4346","Mexico","GOC15",23.44567,-109.41787
"4348","Mexico","GOC16",23.40432,-109.4172
"4350","Mexico","GOC17",24.56411,-110.41318
"4352","Mexico","GOC18",24.43005,-110.36496
"4354","Mexico","GOC19",24.39237,-110.3054
"4356","Mexico","GOC9",23.4613,-109.40725
"4359","Qatar","QAT9",24.74531,51.60062
"4360","Qatar","QAT10",24.77907,51.76769
"4361","Qatar","QAT11",25.71472,52.64228
"4362","Qatar","QAT12",25.54666,52.66863
"4372","Australia","WA110",-28.865,114.0008
"4373","Australia","WA111",-28.86643,113.97143
"4374","Australia","WA112",-28.96627,113.9549
"4383","Australia","GBR115",-14.69171,145.4649
"4384","Australia","GBR116",-14.68285,145.44905
"4393","United States","USEC23",26.25023,-80.06646
"4394","United States","USEC24",26.13943,-80.09856
"4395","United States","USEC25",26.05102,-80.10566
"4396","United States","USEC26",26.08314,-80.10411
"4397","United States","USEC27",26.16294,-80.0937
"4399","Australia","GBR117",-19.96678,149.62187
"4401","Australia","GBR119",-20.68555,149.14128
"4403","Australia","GBR121",-20.67599,149.17618
"4405","Australia","GBR123",-20.80311,149.2556
"4407","Australia","GBR125",-20.89839,149.40341
"4409","Australia","GBR127",-20.92427,149.4239
"4410","Australia","GBR129",-20.56652,150.03316
"4418","Australia","CS232",-19.25858,152.34788
"4420","Australia","CS233",-19.17664,152.26625
"4425","Australia","GBR139",-19.8307,149.47556
"4426","Australia","GBR140",-19.96161,149.62527
"4427","Australia","GBR118",-20.68459,149.1407
"4428","Australia","GBR122",-20.79606,149.26698
"4429","Australia","GBR124",-20.80873,149.25046
"4430","Australia","GBR126",-20.89797,149.41214
"4433","Australia","GBR128",-20.56343,150.0298
"4434","Australia","GBR130",-20.26498,150.4949
"4439","Australia","CS234",-19.16623,152.27121
"4447","Australia","CS236",-17.36587,151.54033
"4448","Australia","CS235",-17.46993,151.61277
"4449","Australia","GBR131",-20.0498,148.87844
"4450","Australia","GBR133",-20.0377,148.88058
"4462","Australia","GBR132",-20.0429,148.88232
"4464","Australia","GBR134",-20.06527,148.9503
"4469","Australia","GBR120",-20.69106,149.13741
"4489","Australia","GBR135",-20.07003,148.93189
"4496","Australia","GBR137",-20.10702,148.9408
"4502","Australia","GBR136",-20.08985,148.95245
"4508","Australia","GBR138",-20.10734,148.9566
"4642","Australia","NWS163",-14.49741,124.99591
"4646","Australia","NWS164",-15.0667,124.33321
"4648","Australia","NWS165",-15.92443,123.04739
"4653","Australia","NWS169",-15.51897,123.26715
"4655","Australia","NWS171",-15.44617,123.25202
"4657","Australia","NWS172",-14.07044,121.97364
"4669","Australia","NWS174",-13.92629,121.90265
"4671","Australia","NWS177",-13.6323,122.02215
"4679","Australia","NWS178",-12.19673,123.04095
"4681","Australia","NWS181",-12.18941,123.07672
"4683","Australia","NWS185",-12.18477,123.11123
"4685","Australia","NWS184",-12.17905,123.07097
"4705","Australia","NWS189",-12.52527,123.57215
"4707","Australia","NWS192",-12.52689,123.58274
"4709","Australia","NWS199",-13.94304,125.64153
"4711","Australia","NWS198",-14.05545,125.3604
"4713","Australia","NWS195",-14.10958,123.55655
"4715","Australia","NWS201",-13.82453,127.2726
"4717","Australia","NWS194",-14.10193,123.5508
"4719","Australia","NWS193",-12.52436,123.56101
"4721","Australia","NWS188",-12.52658,123.57827
"4725","Australia","NWS175",-13.91925,121.91215
"4728","Australia","NWS200",-13.94105,125.63595
"4730","Australia","NWS166",-15.92278,123.04187
"4732","Australia","NWS167",-15.7837,123.35675
"4733","Australia","NWS168",-15.51735,123.23433
"4735","Australia","NWS170",-15.45017,123.24475
"4740","Australia","NWS173",-14.12994,121.96976
"4745","Australia","NWS176",-13.62454,122.00576
"4749","Australia","NWS179",-12.20716,123.04288
"4750","Australia","NWS180",-12.21192,123.05053
"4751","Australia","NWS182",-12.17455,123.05939
"4752","Australia","NWS183",-12.17552,123.06644
"4761","Australia","NWS186",-12.52576,123.57526
"4762","Australia","NWS187",-12.53478,123.57985
"4763","Australia","NWS190",-12.52495,123.56892
"4764","Australia","NWS191",-12.5245,123.56482
"4765","Australia","NWS196",-14.1045,123.55491
"4766","Australia","NWS197",-14.05661,125.35585
"4918","Mexico","GOC20",22.94156,-109.80649
"4919","Mexico","GOC21",22.94645,-109.80369
"4920","Mexico","GOC22",22.9043,-109.84217
"4937","Australia","GBR266",-21.4054,151.63843
"4939","Australia","GBR267",-21.45628,151.47352
"4941","Australia","GBR268",-21.45473,151.4654
"4943","Australia","CS237",-20.94337,154.40212
"4945","Australia","CS238",-21.13706666,155.7450333
"4947","Australia","CS239",-21.13343,155.74455
"4988","Australia","GBR141",-19.7681,149.37079
"4990","Australia","GBR269",-21.07121,150.45552
"4992","Australia","GBR270",-21.4301,151.58421
"4994","Australia","GBR271",-21.40775,151.63504
"4995","Australia","GBR272",-21.16035,151.75494
"4997","Australia","GBR273",-21.21383,151.98274
"4999","Australia","GBR274",-21.21314,152.23688
"5001","Australia","GBR275",-21.21086,152.23938
"5003","Australia","GBR276",-21.1836,152.54451
"5005","Australia","GBR277",-21.12097,152.77024
"5007","Australia","GBR278",-21.12904,152.75896
"5026","Australia","GBR279",-20.37545,148.8864
"5042","Australia","WA174",-21.98085,114.13963
"5047","Australia","WA152",-25.54809,113.47881
"5048","Australia","WA153",-26.14201,113.16856
"5049","Australia","WA154",-28.42601,113.7318
"5050","Australia","WA155",-28.44744,113.75247
"5051","Australia","WA156",-28.44627,113.75662
"5052","Australia","WA158",-28.42752,113.74036
"5054","Australia","WA159",-28.42426,113.7443
"5055","Australia","WA160",-28.45944,113.77085
"5057","Australia","WA161",-28.46665,113.7646
"5061","Australia","WA162",-28.49323,113.79085
"5063","Australia","WA163",-28.69941,113.77634
"5065","Australia","WA165",-28.70584,113.78791
"5067","Australia","WA167",-28.71504,113.79074
"5071","Australia","WA168",-28.69179,113.83534
"5073","Australia","WA169",-28.72786,113.80709
"5077","Australia","WA171",-28.8498,114.00642
"5079","Australia","WA176",-28.86119,113.99216
"5081","Australia","WA178",-28.85379,114.0022
"5083","Australia","WA180",-28.85755,114.00603
"5092","Australia","WA164",-28.70111,113.77789
"5093","Australia","WA166",-28.71005,113.7905
"5095","Australia","WA170",-28.69892,113.84071
"5103","Australia","WA172",-28.84889,114.01128
"5104","Australia","WA177",-28.87846,113.91721
"5105","Australia","WA179",-28.85512,114.00547
"5106","Australia","WA181",-28.85813,114.0079
"5112","Australia","WA173",-24.75123,113.16261
"5118","Australia","WA157",-28.43074,113.74048
"5131","Panama","BOCAS14",9.33833026885986,-82.2302703857422
"5240","Australia","TS28",-10.60343,141.90698
"5301","Australia","CS240",-16.48833,147.84294
"5324","Australia","CS241",-16.92364,149.19486
"5351","Australia","GBR280",-21.47641,151.19351
"5433","Australia","NI15",-29.00681,167.91665
"5444","Australia","NI16",-29.12785,167.946683
"5445","Australia","NI17",-29.047977,167.98779
"5560","Australia","WA184",-20.5144100189209,116.646049499512
"5643","Australia","NT61",-10.9601497650146,132.222885131836
"5653","Australia","GC18",-10.7435998916626,141.04963684082
"5664","Australia","NT62",-10.9592800140381,132.226104736328
"5696","Australia","NT63",-11.2281999588013,134.746276855469
"5707","Australia","NWS202",-12.2012996673584,123.025497436523
"5710","Australia","OS16",-11.2227802276611,129.663116455078
"5734","Australia","OS12",-10.6961603164673,126.335189819336
"5736","Australia","OS14",-11.7160997390747,125.020881652832
"5738","Australia","OS10",-10.8401498794556,129.216278076172
"5746","Australia","OS13",-11.6551303863525,125.111450195312
"5760","Australia","OS11",-10.6971998214722,126.332313537598
"5761","Australia","OS15",-11.7338199615479,123.986923217773
"5772","Australia","OS9",-10.1337995529175,129.544448852539
"5782","Australia","NWS203",-12.5410203933716,123.570732116699
"5874","Australia","CS242",-10.4422903060913,144.448837280273
"5880","Australia","MBMP11",-27.3913478851318,153.553985595703
"5882","Australia","GBR281",-16.9302787780762,145.988616943359
"5883","Australia","QLD6",-28.1626892089844,153.530807495117
"5884","Australia","NSW57",-28.170919418335,153.54768371582
"6010","New Caledonia","NC8",-21.6080894470215,165.339416503906
"6011","New Caledonia","NC3",-22.363410949707,166.261245727539
"6012","New Caledonia","NC1",-22.3653202056885,166.267959594727
"6013","New Caledonia","NC7",-22.3007392883301,166.436553955078
"6014","New Caledonia","NC2",-22.0169792175293,165.920593261719
"6015","New Caledonia","NC9",-21.6895999908447,165.462356567383
"6016","New Caledonia","NC6",-22.3409996032715,166.238265991211
"6017","New Caledonia","NC10",-21.6877307891846,165.4638671875
"6018","New Caledonia","NC5",-22.3304290771484,166.220718383789
"6019","New Caledonia","NC4",-22.3645000457764,166.262817382812
"6020","Saudi Arabia","RED18",27.6692790985107,35.4416694641113
"6025","Australia","CS247",-17.3734092712402,155.852630615234
"6033","Australia","CS255",-21.2042293548584,155.770782470703
"6045","Australia","CS250",-17.346960067749,155.851455688477
"6061","Australia","CS245",-17.1393508911133,151.944152832031
"6066","Australia","CS253",-17.3772506713867,155.873382568359
"6075","Australia","GBR284",-21.4747295379639,151.189971923828
"6077","Australia","CS244",-17.3363208770752,151.728897094727
"6087","Australia","CS243",-17.3347301483154,151.663497924805
"6088","Australia","CS246",-17.4315204620361,151.066452026367
"6091","Australia","CS254",-17.3743190765381,155.857040405273
"6103","Australia","CS252",-17.3807697296143,155.878829956055
"6115","Australia","GBR283",-21.5441493988037,152.392959594727
"6143","Australia","CS248",-17.3713493347168,155.848815917969
"6149","Australia","CS249",-17.3459796905518,155.843856811523
"6157","Australia","CS251",-17.3554191589355,155.854537963867
"6173","Australia","GBR282",-21.5482501983643,152.388854980469
"6224","Australia","GBR300",-23.4999694824219,152.089202880859
"6225","Australia","GBR302",-23.4874591827393,152.081436157227
"6226","Australia","GBR297",-23.5001106262207,152.077453613281
"6227","Australia","GBR295",-23.4945602416992,152.078536987305
"6228","Australia","GBR294",-23.4964904785156,152.070373535156
"6229","Australia","GBR301",-23.4984493255615,152.091415405273
"6230","Australia","GBR298",-23.5034294128418,152.081802368164
"6231","Australia","GBR296",-23.4947605133057,152.088012695312
"6232","Australia","GBR293",-23.491340637207,152.079742431641
"6233","Australia","GBR303",-23.4949798583984,152.044784545898
"6234","Australia","GBR299",-23.5041599273682,152.089401245117
"6235","Australia","GBR290",-23.4416007995605,151.90495300293
"6236","Australia","GBR289",-23.4336490631104,151.96452331543
"6237","Australia","GBR291",-23.4541797637939,151.91081237793
"6238","Australia","GBR287",-23.4606895446777,151.863327026367
"6239","Australia","GBR285",-23.4333400726318,151.931747436523
"6242","Australia","GBR286",-23.4341201782227,151.918167114258
"6244","Australia","GBR292",-23.4472198486328,151.911987304688
"6245","Australia","GBR288",-23.4373397827148,151.981262207031
"6269","Cayman Islands","CAR39",19.6895503997803,-80.0699462890625
"6270","Cayman Islands","CAR40",19.687370300293,-80.0725708007812
"6271","Cayman Islands","CAR41",19.7008800506592,-80.0558319091797
"6272","Cayman Islands","CAR37",19.6714706420898,-80.1021499633789
"6273","Cayman Islands","CAR38",19.6965007781982,-80.0609817504883
"6274","Cayman Islands","CAR35",19.7069206237793,-80.0121765136719
"6275","Cayman Islands","CAR36",19.6648597717285,-80.1111907958984
"6276","Belize","CBC13",16.88381,-88.07336
"6278","Belize","CBC24",16.7900104522705,-88.082389831543
"6279","Belize","CBC16",16.87438,-88.09382
"6281","Belize","CBC21",16.7798595428467,-88.0766525268555
"6284","Belize","CBC8",16.8025,-88.0825
"6285","Belize","CBC7",16.80894,-88.08841
"6288","Belize","CBC22",16.7714195251465,-88.1636199951172
"6290","Belize","CBC10",16.82878,-88.10478
"6291","Belize","CBC9",16.82385,-88.10277
"6294","Belize","CBC11",16.78728,-88.08506
"6296","Belize","CBC12",16.7873401641846,-88.0937881469727
"6299","Belize","CBC15",16.87853,-88.09264
"6313","Belize","CBC4",16.80807,-88.14677
"6385","New Caledonia","NC13",-22.02,165.93
"6386","Cayman Islands","CAR39",19.69,-80.07
"6387","Cayman Islands","CAR42",19.67,-80.01
"6388","Cayman Islands","CAR44",19.68,-80.1
"6389","Cayman Islands","CAR41",19.7,-80.06
"6390","Cayman Islands","CAR35",19.71,-80.01
"6391","Cayman Islands","CAR36",19.66,-80.11
"6392","Cayman Islands","CAR46",19.68,-80.09
"6393","Cayman Islands","CAR47",19.67,-80.11
"6394","New Caledonia","NC14",-22.49,166.45
"6395","Australia","GBR1",-23.9,152.41
"6397","Australia","GBR15",-23.3,151.69
"6398","Australia","GBR13",-23.3,151.69
"6401","Australia","GBR108",-21.64,150.25
"6402","Australia","GBR110",-21.65,150.24
"6405","Australia","GBR134",-20.07,148.95
"6407","Australia","GBR76",-19.81,149.07
"6409","Australia","GBR26",-19.79,149.07
"6412","Cayman Islands","CAR43",19.69,-80.07
"6413","Australia","GBR104",-19.27,148.34
"6415","Australia","GBR102",-19.1,148.28
"6416","Australia","GBR101",-19.1,148.28
"6419","Australia","CS125",-17.71,148.44
"6421","Australia","CS122",-17.88,148.51
"6423","Australia","CS128",-17.71,148.46
"6425","Australia","CS129",-17.7,148.46
"6427","Australia","CS127",-17.72,148.44
"6429","Australia","CS126",-17.72,148.44
"6431","Australia","CS256",-16.75,147.71
"6432","Australia","CS257",-16.76,147.74
"6435","Australia","GBR204",-16.79,146.27
"6437","Australia","GBR206",-16.78,146.27
"6439","Australia","GBR304",-16.79,146.27
"6441","Cayman Islands","CAR48",19.66,-80.09
"6442","Cayman Islands","CAR49",19.66,-80.08
"6443","Dominican Republic","DOMR3",18.34,-68.83
"6444","Dominican Republic","DOMR4",18.35,-68.83
"6445","Dominican Republic","DOMR5",18.36,-68.85
"6446","Dominican Republic","DOMR7",18.33,-68.82
"6447","Dominican Republic","DOMR6",18.25,-68.78
"6448","Australia","GBR211",-16.55,146.04
"6450","Dominican Republic","DOMR8",18.37,-69
"6451","Dominican Republic","DOMR9",18.37,-69
"6452","Australia","GBR219",-15.96,145.8
"6453","Australia","GBR305",-15.96,145.81
"6456","Australia","GBR218",-15.97,145.82
"6457","Australia","GBR308",-15.58,145.79
"6458","Australia","GBR306",-15.97,145.82
"6459","Australia","GBR307",-15.58,145.79
"6463","Australia","GBR310",-15.34,145.75
"6464","Australia","GBR309",-15.39,145.76
"6465","Australia","GBR311",-15.33,145.75
"6467","Australia","GBR312",-15.23,145.74
"6471","Australia","GBR231",-14.65,145.45
"6472","Australia","GBR227",-14.67,145.44
"6473","Australia","GBR230",-14.65,145.45
"6477","Australia","GBR228",-14.66,145.45
"6478","Australia","GBR229",-14.66,145.45
"6481","Australia","GBR232",-14.65,145.45
"6482","Australia","GBR224",-14.69,145.44
"6483","Australia","GBR234",-14.65,145.45
"6484","Australia","GBR220",-14.69,145.46
"6487","New Caledonia","NC15",-22.17,166.97
"6490","Australia","GBR63",-14,144.68
"6491","Australia","GBR64",-13.99,144.68
"6494","Australia","GBR65",-14.01,144.71
"6496","Australia","GBR42",-13.98,144.5
"6497","Australia","GBR41",-13.98,144.5
"6499","Australia","GBR40",-13.97,144.5
"6501","Australia","GBR313",-13.96,144.57
"6503","Australia","GBR62",-13.82,144.28
"6505","Australia","GBR60",-12.88,143.82
"6506","Australia","GBR59",-12.87,143.82
"6508","Australia","GBR45",-12.29,143.4
"6509","Australia","GBR48",-12.28,143.4
"6512","Australia","GBR46",-12.28,143.41
"6514","Australia","GBR47",-12.28,143.41
"6515","Australia","GBR49",-12.29,143.4
"6518","Australia","TS37",-10.42,143.69
"6520","Australia","TS34",-10.42,143.68
"6521","Australia","TS36",-10.42,143.68
"6524","Australia","TS8",-10.29,143.71
"6525","Australia","TS33",-10.33,143.7
"6527","Australia","TS7",-10.29,143.72
"6528","Australia","TS38",-10.33,143.7
"6529","Australia","TS35",-10.29,143.71
"6534","Australia","TS5",-10.52,143.09
"6536","Australia","TS29",-10.1,143.32
"6538","Cayman Islands","CAR38",19.7,-80.06
"6539","Australia","TS30",-10.1,143.31
"6541","Australia","TS31",-10.07,143.69
"6544","Australia","CS198",-10.23,144.59
"6545","Australia","CS197",-10.23,144.59
"6548","Australia","CS191",-10.37,144.53
"6549","Australia","CS192",-10.38,144.53
"6551","Australia","CS185",-10.45,144.45
"6552","Australia","CS187",-10.44,144.45
"6555","Australia","CS189",-10.45,144.43
"6557","Australia","CS186",-10.43,144.45
"6559","Australia","CS218",-10.19,144.41
"6561","Australia","CS215",-10.23,144.41
"6563","Australia","TS32",-10.1,143.31
"6565","New Caledonia","NC11",-22.02,165.92
"6568","Cayman Islands","CAR40",19.69,-80.07
"6569","Australia","NT13",-12.41,130.81
"6570","Australia","NT9",-12.41,130.81
"6572","Australia","OS6",-11.13,129.91
"6573","Australia","OS16",-11.22,129.66
"6576","Australia","OS5",-11.14,129.91
"6578","Australia","OS12",-10.7,126.34
"6579","Australia","OS11",-10.7,126.33
"6582","Australia","OS17",-11.51,125.28
"6583","Australia","OS14",-11.72,125.02
"6584","Australia","OS13",-11.66,125.11
"6587","Australia","NWS189",-12.53,123.57
"6588","Australia","NWS203",-12.54,123.57
"6591","Australia","NWS193",-12.52,123.56
"6593","Australia","NWS204",-12.54,123.54
"6594","Australia","NWS16",-12.24,122.98
"6595","Australia","NWS17",-12.24,122.99
"6597","Australia","NWS22",-12.24,122.99
"6600","Australia","NWS18",-12.24,122.98
"6601","Australia","NWS23",-12.23,122.99
"6603","Australia","NWS19",-12.24,122.98
"6604","Australia","NWS24",-12.24,122.99
"6606","Australia","NWS202",-12.2,123.03
"6607","Australia","NWS205",-12.19,123
"6608","Australia","NWS14",-12.22,123
"6612","Australia","NWS206",-12.22,122.96
"6613","Australia","NWS176",-13.62,122.01
"6614","Australia","NWS207",-20.27,115.39
"6616","Australia","NWS177",-13.63,122.02
"6618","Australia","NWS174",-13.93,121.9
"6620","Australia","NWS175",-13.92,121.91
"6622","Australia","NWS34",-14.06,121.97
"6624","Australia","NWS172",-14.07,121.97
"6625","Australia","NWS27",-14.07,121.96
"6627","Australia","NWS35",-14.07,121.95
"6630","Australia","NWS29",-14.13,121.95
"6631","Australia","NWS28",-14.13,121.94
"6634","Australia","NWS36",-14.07,121.79
"6635","Australia","NWS38",-14.07,121.78
"6636","Australia","NWS40",-14.08,121.74
"6637","Australia","NWS149",-20.76,115.57
"6638","Australia","NWS39",-14.08,121.75
"6641","Australia","NWS81",-17.03,119.62
"6642","Australia","NWS78",-17.07,119.64
"6645","Australia","NWS73",-17.07,119.64
"6646","Australia","NWS68",-17.06,119.65
"6648","Australia","NWS77",-17.06,119.65
"6650","Australia","NWS74",-17.07,119.64
"6653","New Caledonia","NC12",-22.01,165.93
"6654","Australia","NWS72",-17.08,119.65
"6655","Australia","NWS92",-17.28,119.37
"6656","Australia","NWS79",-17.07,119.65
"6659","Australia","NWS98",-17.31,119.37
"6660","Australia","NWS99",-17.29,119.36
"6661","Australia","NWS95",-17.31,119.37
"6664","Australia","NWS97",-17.32,119.37
"6665","Australia","NWS90",-17.29,119.37
"6668","Australia","NWS89",-17.25,119.36
"6669","Australia","NWS91",-17.28,119.37
"6671","Australia","NWS88",-17.29,119.38
"6674","Australia","NWS87",-17.28,119.38
"6676","Australia","GBR317",-23.49,152.08
"6677","Australia","NWS84",-17.25,119.35
"6678","Australia","NWS101",-17.36,119.38
"6679","Australia","NWS83",-17.25,119.35
"6683","Australia","GBR315",-23.49,152.08
"6684","Australia","NWS58",-17.55,118.97
"6685","Australia","NWS61",-17.56,118.97
"6686","Australia","NWS59",-17.55,118.97
"6687","Australia","NWS60",-17.55,118.97
"6689","Australia","NWS57",-17.55,118.97
"6694","Australia","GBR314",-23.5,152.08
"6695","Australia","NWS62",-17.51,118.97
"6696","Australia","NWS63",-17.5,118.96
"6698","Australia","NWS56",-17.61,118.97
"6700","Australia","GBR319",-23.5,152.09
"6704","Australia","NWS104",-19.58,119.11
"6706","Australia","NWS103",-19.58,119.11
"6707","Australia","GBR316",-23.5,152.08
"6708","Australia","GBR324",-23.49,152.06
"6709","Australia","NWS107",-19.59,119.11
"6711","Australia","NWS106",-19.59,119.11
"6713","Australia","GBR321",-23.5,152.06
"6714","Australia","GBR320",-23.5,152.06
"6715","Australia","GBR322",-23.49,152.05
"6716","Australia","GBR325",-23.5,152.05
"6717","Australia","GBR323",-23.49,152.07
"6718","Australia","GBR318",-23.5,152.08
"6719","Australia","NWS110",-20.12,118.47
"6721","Australia","NWS108",-20.21,118.53
"6723","Australia","WA77",-20.55,116.64
"6724","Australia","WA76",-20.55,116.63
"6725","Australia","WA80",-20.53,116.66
"6728","Australia","GBR326",-23.5,152.05
"6729","Australia","GBR327",-23.5,152.06
"6733","Cayman Islands","CAR45",19.67,-80.1
"6734","New Caledonia","NC16",-22.29,166.18
"6735","Australia","GBR328",-23.5,152.07
"6736","Australia","WA74",-20.57,116.54
"6737","Australia","WA71",-20.58,116.54
"6740","Australia","WA78",-20.54,116.53
"6741","Australia","NWS122",-20.46,116.57
"6743","Australia","WA79",-20.54,116.53
"6745","Australia","NWS123",-20.48,116.53
"6746","Australia","NWS125",-20.54,116.54
"6750","Australia","WA65",-20.62,116.51
"6752","Australia","WA72",-20.58,116.57
"6753","Australia","NWS121",-20.46,116.59
"6754","Australia","WA73",-20.57,116.58
"6758","Australia","WA67",-20.61,116.46
"6760","Australia","NWS126",-20.62,116.48
"6762","Australia","NWS132",-20.37,115.53
"6763","Australia","NWS127",-20.45,115.61
"6764","Australia","NWS128",-20.41,115.58
"6766","Australia","NWS129",-20.39,115.57
"6770","Australia","NWS208",-20.27,115.39
"6773","Australia","NWS210",-20.27,115.39
"6775","Australia","NWS209",-20.27,115.29
"6777","Australia","NWS139",-20.45,115.48
"6778","Australia","NWS140",-20.51,115.48
"6780","Australia","NWS136",-20.47,115.55
"6783","Australia","NWS137",-20.51,115.56
"6784","Australia","NWS135",-20.46,115.55
"6785","Australia","NWS143",-20.58,115.58
"6786","Australia","NWS141",-20.56,115.57
"6791","Panama","BOCAS8",9.35,-82.26
"6792","Panama","BOCAS10",9.27,-82.12
"6793","Panama","BOCAS15",9.3,-82.29
"6794","Australia","NWS145",-20.73,115.49
"6797","Australia","NWS148",-20.78,115.53
"6799","Australia","NWS154",-21.08,115.51
"6801","Australia","NWS156",-21.32,115.17
"6803","Australia","NWS155",-21.32,115.17
"6805","Australia","NMP33",-21.66,113.34
"6807","Australia","NMP34",-21.66,114.35
"6810","Panama","BOCAS12",9.38,-82.3
"6811","Australia","NMP-B3",-21.83,114.18
"6813","Australia","NMP35",-21.66,114.34
"6815","Australia","NMP17",-21.67,114.33
"6817","Panama","BOCAS17",9.25,-82.13
"6818","Panama","BOCAS16",9.24,-82.11
"6820","Panama","BOCAS2",9.29,-82.34
"6822","Australia","NMP36",-21.91,113.97
"6824","Australia","NMP15",-21.9,113.94
"6825","Australia","NMP37",-21.91,113.97
"6826","Australia","NMP18",-21.92,113.96
"6830","Australia","NMP38",-21.91,113.96
"6831","Australia","NMP39",-21.91,113.97
"6834","Australia","NMP40",-22.36,113.78
"6836","Australia","NMP41",-23.2,113.76
"6837","Australia","NMP24",-23.2,113.76
"6840","Australia","WA189",-24.22,113.4
"6842","Australia","WA193",-24.93,113.15
"6843","Australia","WA191",-24.22,113.41
"6844","Australia","WA190",-24.81,113.17
"6846","Australia","WA192",-24.93,113.15
"6850","Australia","WA194",-25.73,113.09
"6851","Australia","WA63",-26.09,113.24
"6854","Australia","WA160",-28.46,113.77
"6856","Australia","WA159",-28.42,113.74
"6857","Australia","WA55",-28.46,113.77
"6859","Australia","WA158",-28.43,113.74
"6862","Australia","WA176",-28.86,113.99
"6865","Dominican Republic","DOMR1",18.37,-68.85
"6866","Dominican Republic","DOMR2",18.37,-68.85
"6867","Belize","CBC22",16.77,-88.16
"6868","Belize","BZE1",16.8,-88.08
"6869","Belize","CBC17",16.78,-88.1
"6870","Belize","CBC2",16.8,-88.08
"6871","Belize","CBC1",16.78,-88.08
"6872","Belize","CBC3",16.81,-88.09
"6873","Belize","CBC14",16.87,-88.07
"6874","Belize","CBC21",16.78,-88.08
"6875","Belize","CBC6",16.8,-88.08
"6876","Australia","GBR331",-18.61,146.48
"6877","Australia","GBR329",-18.66,146.51
"6879","Australia","GBR28",-18.57,146.48
"6881","Australia","GBR332",-18.59,146.5
"6883","Australia","GBR330",-18.66,146.49
"6884","New Zealand","KER11",-29.28,-177.9
"6885","New Zealand","KER12",-29.28,-177.9
"6887","New Zealand","KER9",-29.28,-177.9
"6890","New Zealand","KER18",-29.26,-177.89
"6892","New Zealand","KER19",-29.24,-177.88
"6894","New Zealand","KER10",-29.25,-177.89
"6896","Tonga","PAC68",-23.94,-179.12
"6898","Tonga","PAC69",-23.94,-179.14
"6899","Tonga","PAC67",-23.94,-179.13
"6902","Tonga","PAC64",-23.65,-178.93
"6903","Tonga","PAC63",-23.64,-178.93
"6906","Tonga","PAC62",-23.62,-178.93
"6908","Tonga","PAC65",-23.63,-178.93
"6910","Tonga","PAC61",-23.62,-178.9
"6912","Tonga","PAC66",-23.63,-178.94
"6913","Tonga","PAC59",-21.11,-174.98
"6914","Tonga","PAC60",-21.11,-174.98
"6917","Tonga","PAC58",-21.12,-175.16
"6919","Tonga","TONGA15",-20.5,-174.74
"6921","Tonga","PAC55",-20.5,-174.75
"6922","Tonga","PAC57",-20.5,-174.74
"6924","Tonga","TONGA16",-20.28,-174.8
"6925","Tonga","PAC56",-20.5,-174.74
"6928","Tonga","TONGA18",-20.27,-174.81
"6930","Tonga","TONGA20",-20.07,-174.77
"6931","Tonga","TONGA4",-19.94,-174.73
"6933","Australia","MBMP5",-27.4,153.44
"6934","Australia","MBMP7",-27.4,153.44
"6936","Tonga","TONGA21",-19.69,-175.02
"6937","Australia","MBMP1",-27.39,153.55
"6938","Australia","MBMP2",-27.41,153.53
"6942","Tonga","TONGA23",-19.69,-175.02
"6945","Tonga","TONGA6",-20.11,-174.7
"6947","Tonga","TONGA7",-20.02,-174.68
"6948","Australia","MBMP11",-27.39,153.55
"6949","Australia","MBMP6",-27.41,153.53
"6954","Tonga","PAC54",-19.96,-174.48
"6956","Tonga","TONGA25",-19.88,-174.42
"6957","Tonga","TONGA24",-19.87,-174.43
"6960","Tonga","TONGA26",-19.85,-174.43
"6961","Tonga","TONGA2",-19.84,-174.42
"6963","Tonga","TONGA27",-19.84,-174.41
"6965","Tonga","TONGA29",-19.87,-174.48
"6966","Tonga","TONGA28",-19.88,-174.47
"6967","Tonga","TONGA30",-19.87,-174.47
"6971","Tonga","TONGA33",-19.72,-174.34
"6972","Tonga","TONGA32",-19.71,-174.28
"6973","Tonga","TONGA31",-19.71,-174.29
"6977","Tonga","TONGA34",-19.65,-174.3
"6979","Tonga","TONGA35",-19.68,-174.29
"6981","Tonga","TONGA14",-18.69,-174.04
"6982","Tonga","TONGA36",-18.7,-174.03
"6985","Tonga","TONGA13",-18.69,-174.14
"6986","Tonga","TONGA12",-18.69,-174.14
"6988","Tonga","TONGA37",-18.71,-174.14
"6990","Tonga","TONGA38",-18.71,-174.13
"6991","Tonga","TONGA10",-18.72,-174.15
"6993","Tonga","TONGA11",-18.72,-174.15
"6996","Tonga","TONGA39",-18.72,-174.14
"6997","Tonga","TONGA9",-18.72,-174.08
"6998","Tonga","TONGA41",-18.72,-174.1
"6999","Tonga","TONGA40",-18.71,-174.1
"7001","Tonga","TONGA8",-18.71,-174.1
"7005","Tonga","TONGA45",-18.73,-174.1
"7006","Tonga","TONGA44",-18.74,-174.08
"7007","Tonga","TONGA42",-18.73,-174.08
"7008","Tonga","TONGA43",-18.73,-174.08
"7013","Tonga","TONGA46",-18.74,-174.11
"7015","Tonga","PAC49",-15.93,-173.78
"7017","Tonga","PAC48",-15.93,-173.78
"7019","Tonga","PAC47",-15.93,-173.77
"7020","Tonga","PAC46",-15.93,-173.76
"7023","Tonga","TONGA48",-15.92,-173.8
"7024","Tonga","PAC50",-15.93,-173.77
"7025","Tonga","TONGA47",-15.93,-173.79
"7029","Samoa","PAC45",-13.82,-171.76
"7031","Samoa","PAC44",-13.82,-171.76
"7033","Samoa","PAC173",-13.8,-171.93
"7034","Wallis and Futuna","WAF2",-13.3,-176.15
"7035","Wallis and Futuna","WAF1",-13.3,-176.15
"7038","Wallis and Futuna","WAF3",-13.29,-176.13
"7039","Wallis and Futuna","WAF4",-13.32,-176.14
"7042","Wallis and Futuna","WAF5",-13.31,-176.15
"7043","Wallis and Futuna","WAF8",-13.31,-176.16
"7044","Wallis and Futuna","WAF7",-13.32,-176.15
"7046","Wallis and Futuna","WAF6",-13.31,-176.15
"7050","Wallis and Futuna","WAF10",-13.36,-176.23
"7051","Wallis and Futuna","WAF11",-13.36,-176.23
"7053","Wallis and Futuna","WAF12",-13.37,-176.23
"7055","Wallis and Futuna","WAF9",-13.35,-176.23
"7058","Wallis and Futuna","WAF16",-13.39,-176.22
"7059","Wallis and Futuna","WAF15",-13.38,-176.21
"7060","Wallis and Futuna","WAF13",-13.37,-176.23
"7061","Wallis and Futuna","WAF14",-13.37,-176.23
"7066","Wallis and Futuna","WAF20",-13.32,-176.28
"7067","Wallis and Futuna","WAF17",-13.35,-176.28
"7069","Wallis and Futuna","WAF18",-13.34,-176.28
"7070","Wallis and Futuna","WAF19",-13.34,-176.28
"7074","Wallis and Futuna","WAF22",-13.3,-176.27
"7075","Wallis and Futuna","WAF21",-13.31,-176.28
"7076","Wallis and Futuna","WAF23",-13.28,-176.27
"7078","Wallis and Futuna","WAF24",-13.29,-176.27
"7082","Wallis and Futuna","WAF25",-13.25,-176.26
"7084","Wallis and Futuna","WAF26",-13.41,-176.43
"7085","Wallis and Futuna","WAF28",-13.33,-176.28
"7087","Wallis and Futuna","WAF27",-13.33,-176.28
"7088","Wallis and Futuna","WAF30",-13.38,-176.18
"7089","Wallis and Futuna","WAF32",-13.37,-176.18
"7091","Wallis and Futuna","WAF29",-13.38,-176.18
"7094","Wallis and Futuna","WAF31",-13.37,-176.17
"7096","Wallis and Futuna","WAF33",-13.37,-176.17
"7097","Wallis and Futuna","WAF34",-13.36,-176.16
"7099","Wallis and Futuna","WAF35",-13.39,-176.21
"7100","Wallis and Futuna","WAF36",-13.38,-176.22
"7103","Wallis and Futuna","WAF39",-14.33,-178.07
"7104","Wallis and Futuna","WAF38",-14.32,-178.06
"7105","Wallis and Futuna","WAF37",-14.32,-178.06
"7106","Wallis and Futuna","WAF40",-14.33,-178.07
"7111","Fiji","FIJI2",-16.78,179.32
"7112","Fiji","FIJI1",-16.73,179.33
"7114","Fiji","FIJI4",-17.24,179.43
"7115","Fiji","FIJI3",-17.24,179.43
"7118","Fiji","FIJI5",-17.23,179.39
"7119","Fiji","FIJI7",-17.26,179.34
"7121","Fiji","FIJI6",-17.23,179.36
"7124","Fiji","FIJI8",-17.28,179.36
"7126","Fiji","FIJI10",-16.82,179.28
"7127","Fiji","FIJI9",-16.82,179.27
"7129","Fiji","FIJI11",-16.81,179.29
"7131","Tanzania","TZN11",-6.29,39.18
"7132","Tanzania","TZN12",-6.28,39.18
"7133","Tanzania","TZN10",-6.28,39.18
"7137","Tanzania","TZN14",-5.76,39.22
"7138","Tanzania","TZN13",-5.86,39.21
"7141","Fiji","FIJI12",-16.77,-180
"7142","Fiji","FIJI13",-16.76,-179.97
"7145","Tanzania","TZN16",-5.24,39.61
"7147","Tanzania","TZN15",-5.26,39.6
"7149","Fiji","FIJI14",-16.69,-179.9
"7151","Tanzania","TZN18",-5.25,39.59
"7152","Tanzania","TZN17",-5.24,39.6
"7157","Fiji","FIJI15",-16.74,179.93
"7159","Fiji","FIJI16",-16.78,179.95
"7161","Tanzania","TZN20",-5.37,39.57
"7163","Tanzania","TZN19",-5.35,39.59
"7166","Fiji","FIJI17",-16.8,179.91
"7167","Fiji","FIJI18",-16.79,179.89
"7170","Fiji","FIJI20",-16.79,179.88
"7172","Fiji","FIJI19",-16.8,179.91
"7173","Tanzania","TZN21",-5.79,39.39
"7174","Tanzania","TZN22",-5.85,39.4
"7177","Tanzania","TZN23",-5.76,39.27
"7178","Tanzania","TZN24",-5.76,39.27
"7182","Tanzania","TZN26",-6.11,39.16
"7183","Tanzania","TZN25",-6.12,39.17
"7184","Tanzania","TZN27",-6.11,39.16
"7190","Tanzania","TZN30",-6.28,39.17
"7191","Tanzania","TZN28",-6.33,39.24
"7192","Tanzania","TZN29",-6.28,39.17
