,country,site_id,site_name,year_est,lfp,priority,included
1,Antigua and Barbuda,AIAG10,low bay sanctuary,2014,,,#N/A
5,Antigua and Barbuda,AIAG12,northeast marine management area marine reserve,2005,,,#N/A
11,Antigua and Barbuda,AIAG13,palastar reef sanctuary,,,,#N/A
14,Antigua and Barbuda,AIAG14,palaster reef marine national park,,,,#N/A
15,Antigua and Barbuda,AIAG16,two foot bay sanctuary,,,,#N/A
16,Antigua and Barbuda,AIAG18,devil's bridge national park,,,,#N/A
18,Antigua and Barbuda,AIAG3,cades bay marine reserve,,,,#N/A
21,Antigua and Barbuda,AIAG4,codrington lagoon national park,,,,#N/A
23,Antigua and Barbuda,AIAG5,diamond reef and salt fish tail reef marine reserve,,,,#N/A
25,Antigua and Barbuda,AIAG9,goat point sanctuary,,,,#N/A
26,Anguilla,AIAI3,prickly pear cays and seal island reefs marine park,1993,,,#N/A
29,Anguilla,AIAI4,sandy island marine park,1993,,,#N/A
30,Anguilla,AIAI5,little bay marine park,1993,,,#N/A
31,Anguilla,AIAI6,shoal bay and island harbor reefs marine park,1993,,,#N/A
33,Anguilla,AIAI8,dog island marine park,1993,,,#N/A
34,Albania,AIALB13,karaburun-sazani marine national park: core zones,2010,,,#N/A
39,Albania,AIALB14,karaburun-sazani marine national park: effective management zones,2010,,,#N/A
47,Albania,AIALB15,karaburun-sazani marine national park: recreative zones,2010,,,#N/A
53,Albania,AIALB16,karaburun-sazani marine national park: sustainable development zones,2010,,,#N/A
55,Netherlands Antilles,AIAN16,bonaire national marine park,1999,4,High,#N/A
63,Netherlands Antilles,AIAN18,washington slagbaai national park,1969,,,#N/A
65,Netherlands Antilles,AIAN25,yarari sanctuary,2015,2,High,#N/A
100,Netherlands Antilles,AIAN26,saba national marine park,1987,,,#N/A
101,Netherlands Antilles,AIAN27,saba national marine park no-take zones,1987,,,#N/A
102,Netherlands Antilles,AIAN30,quill / boven national park,1997,,,#N/A
105,Netherlands Antilles,AIAN31,statia national marine park,1996,,,#N/A
109,Netherlands Antilles,AIAN40,man of war shoal marine park,2010,,,#N/A
111,Netherlands Antilles,AIAN41,man of war shoal marine park - marine protected area,2010,,,#N/A
113,Australia,AIAUS1003,king george island conservation covenant,2008,,,#N/A
114,Australia,AIAUS1004,king island conservation park,2004,,,#N/A
3120,Australia,AIAUS33,adelaide international bird sanctuary - winaityinaityi pangkara national park,2018,,,#N/A
116,Australia,AIAUS101,bass pyramid nature reserve,1999,,,#N/A
3127,Australia,AIAUS34,adele island nature reserve,2001,,,#N/A
3128,Australia,AIAUS35,aire river heritage river,1992,,,#N/A
3632,Australia,AIAUS72,austin bay nature reserve,,,,#N/A
3952,Australia,AIAUS85,bald island nature reserve,1964,,,#N/A
3995,Australia,AIAUS94,barnard island group national park,1994,,,#N/A
853,Australia,AIAUS2279,barranyi (north island) national park,1992,,,#N/A
3997,Australia,AIAUS97,barrow island nature reserve,1910,,,#N/A
3643,Australia,AIAUS732,baxter island gippsland lakes reserve,,,,#N/A
146,Australia,AIAUS1091,little chalky island conservation area,2013,,,#N/A
147,Australia,AIAUS1094,little dog island game reserve,1999,,,#N/A
148,Australia,AIAUS1095,little green island conservation area,2011,,,#N/A
149,Australia,AIAUS1096,little island conservation area,2011,,,#N/A
150,Australia,AIAUS1097,little peggs beach state reserve,2008,,,#N/A
151,Australia,AIAUS1102,little trefoil conservation area,2012,,,#N/A
693,Australia,AIAUS195,bedout island nature reserve,1975,,,#N/A
155,Australia,AIAUS1109,long bay conservation area,2012,,,#N/A
781,Australia,AIAUS207,bessieres island nature reserve,2000,,,#N/A
157,Australia,AIAUS1111,long island conservation area,2011,,,#N/A
816,Australia,AIAUS216,bird island conservation park,1972,,,#N/A
1417,Australia,AIAUS237,"boodie, double middle islands nature reserve",,,,#N/A
1677,Australia,AIAUS243,"boullanger, whitlock, favourite, tern and osprey islands nature reserve",,,,#N/A
3054,Australia,AIAUS252,breaksea island nature reserve,1969,,,#N/A
170,Australia,AIAUS1185,maria island national park,2007,,,#N/A
171,Australia,AIAUS1186,maria island national park - sanctuary zone,1991,5,High,#N/A
173,Australia,AIAUS1187,maria island national park - fishing zone,2007,,High,#N/A
175,Australia,AIAUS1188,marion beach conservation area,2007,,,#N/A
3057,Australia,AIAUS260,broad sound islands national park,2000,,,#N/A
3087,Australia,AIAUS267,brook islands national park,2000,,,#N/A
178,Australia,AIAUS1225,middle island conservation area,2011,,,#N/A
179,Australia,AIAUS1227,mile island conservation area,2000,,,#N/A
180,Australia,AIAUS1228,millingtons beach conservation area,1999,,,#N/A
3091,Australia,AIAUS273,brush island nature reserve,1963,,,#N/A
3092,Australia,AIAUS275,bull island nature reserve,2005,,,#N/A
3095,Australia,AIAUS291,bushy island nature reserve,2003,,,#N/A
188,Australia,AIAUS1241,montagu island conservation area,2011,,,#N/A
3096,Australia,AIAUS294,byfield conservation park,,,,#N/A
3098,Australia,AIAUS303,cap island conservation park,1991,,,#N/A
3130,Australia,AIAUS366,capricornia cays national park,2014,,,#N/A
198,Australia,AIAUS1276,moreton bay marine park - marine national park -,1990,5,High,#N/A
237,Australia,AIAUS1277,moreton bay marine park - conservation park -,1993,3,High,#N/A
263,Australia,AIAUS1278,moreton bay marine park - habitat protection -,1993,2,High,#N/A
3137,Australia,AIAUS367,capricornia cays national park (scientific),2016,,,#N/A
3141,Australia,AIAUS368,carnac island nature reserve,1967,,,#N/A
3142,Australia,AIAUS371,casuarina coastal reserve,,1,High,#N/A
3144,Australia,AIAUS386,charles darwin national park,,,,#N/A
311,Australia,AIAUS1331,nares rocks conservation area,2012,,,#N/A
312,Australia,AIAUS1335,native point nature reserve,1999,,,#N/A
313,Australia,AIAUS1336,neds reef conservation area,2011,,,#N/A
3145,Australia,AIAUS388,chatham island nature reserve,,,,#N/A
315,Australia,AIAUS1341,neptune islands group marine park - restricted access zone (existing),2012,,,#N/A
3153,Australia,AIAUS399,claremont isles national park,,,,#N/A
318,Australia,AIAUS1346,new year island game reserve,1999,,,#N/A
5212,Algeria,AIDZA10,réserve naturelle du lac de réghaïa,1999,,,Algeria
5216,Algeria,AIDZA5,"iles habibas - zone a, central zone",2003,,,Algeria
5217,Algeria,AIDZA6,"iles habibas - zone b, buffer zone",2003,,,Algeria
5218,Algeria,AIDZA7,"iles habibas - zone c, transition zone",2003,,,Algeria
3157,Australia,AIAUS430,cook island nature reserve,,,,#N/A
3220,Australia,AIAUS440,coral sea australian marine park - special purpose zone (trawl),,,,#N/A
326,Australia,AIAUS1396,night island conservation area,2012,,,#N/A
3431,Australia,AIAUS449,corrie island nature reserve,,,,#N/A
331,Australia,AIAUS1447,ninth island conservation area,2012,,,#N/A
3578,Australia,AIAUS704,couburg (garig gunak barlu) marine park,,,,#N/A
333,Australia,AIAUS1457,norfolk bay conservation area,2012,,,#N/A
3434,Australia,AIAUS471,curtis island national park,,,,#N/A
336,Australia,AIAUS1460,north east islet nature reserve,1999,,,#N/A
3441,Australia,AIAUS473,cygnet estuary conservation park,,,,#N/A
3444,Australia,AIAUS490,denham group national park,,,,#N/A
3455,Australia,AIAUS509,durands island nature reserve,,,,#N/A
3456,Australia,AIAUS518,east kangaroo island nature reserve,,,,#N/A
3467,Australia,AIAUS538,eba island conservation park,,,,#N/A
3468,Australia,AIAUS540,eclipse island nature reserve,,,,#N/A
3479,Australia,AIAUS598,"encounter marine park - restricted access zone (existing) - raz-1, busby islet conservation park",,,,#N/A
3480,Australia,AIAUS617,entrance point reference area,,,,#N/A
3482,Australia,AIAUS618,escape island nature reserve,,,,#N/A
3483,Australia,AIAUS620,esperance point conservation area,,,,#N/A
3485,Australia,AIAUS622,eucla national park,,,,#N/A
364,Australia,AIAUS1490,nuyts archipelago marine park - sanctuary zone - sz-8 -,2014,5,High,#N/A
3488,Australia,AIAUS629,family islands national park,,,,#N/A
371,Australia,AIAUS1492,nuyts archipelago wilderness protection area,2014,5,High,#N/A
3561,Australia,AIAUS6d,cocos (keeling) islands marine park - habitat protection zone,2022,,,Australia
3554,Australia,AIAUS6a,cocos (keeling) islands marine park - national park zone,2022,,,Australia
3559,Australia,AIAUS6b,cocos (keeling) islands marine park - national park zone - the rip,2022,,,Australia
3560,Australia,AIAUS6c,cocos (keeling) islands marine park - national park zone - trannies beach,2022,,,Australia
397,Australia,AIAUS1499,nuyts archipelago marine park - habitat protection zone - hpz-6 -,2014,2,High,#N/A
3533,Australia,AIAUS643,first and second islands flora reserve,,,,#N/A
410,Australia,AIAUS1501,nuyts archipelago marine park - habitat protection zone - hpz-8 -,2014,2,High,#N/A
3534,Australia,AIAUS649,fitzroy island national park,,,,#N/A
3536,Australia,AIAUS652,five islands nature reserve,,,,#N/A
3537,Australia,AIAUS655,flat island nature reserve,,,,#N/A
321,Australia,AIAUS1365,flinders bay nature reserve,,,,#N/A
435,Australia,AIAUS1526,oyster rocks conservation area,2000,,,#N/A
436,Australia,AIAUS1527,paddys island nature reserve,2005,,,#N/A
437,Australia,AIAUS1531,parnella conservation area,1999,,,#N/A
438,Australia,AIAUS1534,pasco group conservation area,2011,,,#N/A
439,Australia,AIAUS1535,passage island conservation area,2011,,,#N/A
441,Australia,AIAUS1543,pelican island conservation area,2007,,,#N/A
3541,Australia,AIAUS666,fossil beach geological reserve,,,,#N/A
3544,Australia,AIAUS674,fowlers bay conservation park,,,,#N/A
3549,Australia,AIAUS676,frankland group national park,,,,#N/A
3551,Australia,AIAUS678,franklin harbor conservation park,,,,#N/A
454,Australia,AIAUS1550,perkins island conservation area,1999,,,#N/A
455,Australia,AIAUS1554,petrel islands game reserve,2007,,,#N/A
3553,Australia,AIAUS695,french island national park - east reference area,,,,#N/A
3568,Australia,AIAUS700,"freycinet, double islands etc nature reserve",,,,#N/A
458,Australia,AIAUS1573,point du ressac conservation area,2012,,,#N/A
3577,Australia,AIAUS702,gambier islands conservation park,,,,#N/A
462,Australia,AIAUS1668,prime seal island conservation area,2010,,,#N/A
3519,Australia,AIAUS637,far west coast marine park - habitat protection zone - hpz-1,2009,,,Australia
3645,Australia,AIAUS761,glasse island nature reserve,,1,High,#N/A
3646,Australia,AIAUS767,gloucester island national park,,,,#N/A
3522,Australia,AIAUS638,far west coast marine park - habitat protection zone - hpz-2,2009,,,Australia
487,Australia,AIAUS1684,ralphs bay conservation area,2010,,,#N/A
488,Australia,AIAUS1685,ram island conservation area,2011,,,#N/A
489,Australia,AIAUS1686,randalls bay conservation area,2003,,,#N/A
490,Australia,AIAUS1687,raspins beach conservation area,1999,,,#N/A
332,Australia,AIAUS1452,goat island (noosa river) conservation park,,,,#N/A
565,Australia,AIAUS1694,red reef conservation area,2011,,,#N/A
3656,Australia,AIAUS771,goold island national park,,,,#N/A
567,Australia,AIAUS1698,reid rocks nature reserve,1999,,,#N/A
3660,Australia,AIAUS775,granite island recreation park,,,,#N/A
569,Australia,AIAUS1709,rocky cape national park,2002,,High,#N/A
3492,Australia,AIAUS633,far west coast marine park - sanctuary zone - sz-1,2009,,,Australia
1429,Australia,AIAUS2403,great barrier reef coast marine park - conservation park -,,2,High,#N/A
574,Australia,AIAUS1732,roydon island conservation area,2011,,,#N/A
3512,Australia,AIAUS634,far west coast marine park - sanctuary zone - sz-2,2009,,,Australia
577,Australia,AIAUS1754,seacrow islet conservation area,2012,,,#N/A
3633,Australia,AIAUS724,geographe australian marine park - special purpose zone,2018,,,Australia
3869,Australia,AIAUS796,go slow area (gsa),,1,High,Australia
1420,Australia,AIAUS2398,great barrier reef coast marine park - buffer -,2004,,,Australia
581,Australia,AIAUS1765,sentinel island conservation area,2011,,,#N/A
3099,Australia,AIAUS3072,great barrier reef coast marine park - estuarine conservation -,2004,,,Australia
1680,Australia,AIAUS2469,great barrier reef coast marine park - general use -,2004,1,High,Australia
3114,Australia,AIAUS3073,great barrier reef coast marine park - general use -,2004,,,Australia
585,Australia,AIAUS1824,sir joseph banks group marine park - sanctuary zone - sz-3 -,2014,5,High,#N/A
2404,Australia,AIAUS2471,great barrier reef coast marine park - habitat protection -,2004,1,High,Australia
3939,Australia,AIAUS808,great sandy conservation park,,,,#N/A
594,Australia,AIAUS1828,sir joseph banks group marine park - habitat protection zone - hpz-2 -,2014,2,High,#N/A
621,Australia,AIAUS183,battery island conservation area,2012,,,#N/A
3115,Australia,AIAUS3074,great barrier reef coast marine park - marine national park -,2004,,,Australia
628,Australia,AIAUS1836,sisters island conservation area,2007,,,#N/A
629,Australia,AIAUS1840,sloping main conservation area,2013,,,#N/A
857,Australia,AIAUS2312,great barrier reef coast marine park - preservation -,2004,,,Australia
637,Australia,AIAUS1843,snake bay conservation area,2012,,,#N/A
883,Australia,AIAUS2330,great barrier reef coast marine park - scientific research -,2004,2,High,Australia
3944,Australia,AIAUS813,green island national park,,,,#N/A
3946,Australia,AIAUS815,green island nature reserve,,,,#N/A
653,Australia,AIAUS1917,southern spencer gulf marine park - sanctuary zone - sz-3 -,2014,5,High,#N/A
654,Australia,AIAUS1920,southern spencer gulf marine park - habitat protection zone - hpz-2 -,2014,2,High,#N/A
669,Australia,AIAUS1921,southern spencer gulf marine park - habitat protection zone - hpz-3 -,2014,2,High,#N/A
674,Australia,AIAUS1926,southwest national park - port davey/bathurst harbour marine nature reserve no take zone,2001,5,High,#N/A
682,Australia,AIAUS1927,southwest national park - port davey/bathurst harbour marine nature reserve restricted take zone,2004,4,High,#N/A
686,Australia,AIAUS1928,spectacle island nature reserve,2005,,,#N/A
687,Australia,AIAUS1930,spike island conservation area,2011,,,#N/A
3947,Australia,AIAUS827,greenly island conservation park,,2,High,#N/A
689,Australia,AIAUS1937,stack island game reserve,2007,,,#N/A
690,Australia,AIAUS1938,stanley conservation area,1999,,,#N/A
691,Australia,AIAUS1943,storehouse island conservation area,2003,,,#N/A
692,Australia,AIAUS1947,sugarloaf rock conservation area,2012,,,#N/A
3915,Australia,AIAUS799,great sandy area (grs),,,,Australia
322,Australia,AIAUS1387,hamelin island nature reserve,,,,#N/A
702,Australia,AIAUS1957,swan island nature reserve,2011,,,#N/A
3957,Australia,AIAUS861,hope islands national park,,,,#N/A
704,Australia,AIAUS1977,tatlows beach conservation area,2007,,,#N/A
705,Australia,AIAUS1982,tessellated pavement state reserve,2008,,,#N/A
706,Australia,AIAUS1984,the big punchbowl reserve conservation covenant,2017,,,#N/A
3986,Australia,AIAUS891,investigator group wilderness protection area,,,,#N/A
708,Australia,AIAUS1993,thorny passage marine park - general managed use zones - gmuz-4 and gmuz-5,2014,2,High,#N/A
3991,Australia,AIAUS892,investigator island nature reserve,,,,#N/A
3832,Australia,AIAUS791,great sandy marine park - buffer zone,2006,,,Australia
3781,Australia,AIAUS790,great sandy marine park - conservation park zone,2006,,,Australia
3748,Australia,AIAUS789,great sandy marine park - habitat protection zone,2006,,,Australia
3911,Australia,AIAUS798,grey nurse shark area (gns),,,,Australia
3993,Australia,AIAUS932,john gould nature reserve,,,,#N/A
747,Australia,AIAUS2010,thorny passage marine park - habitat protection zone - hpz-4 -,2014,2,High,#N/A
749,Australia,AIAUS2011,thorny passage marine park - habitat protection zone - hpz-6 -,2014,2,High,#N/A
759,Australia,AIAUS2014,three hummock island state reserve,2008,,,#N/A
3994,Australia,AIAUS939,julian rocks nguthungulli nature reserve,,,,#N/A
4002,Australia,AIAUS981,kangaroo island conservation area,,,,#N/A
4007,Australia,AIAUS994,keppel bay islands national park,,,,#N/A
766,Australia,AIAUS2036,trousers point beach conservation area,2011,,,#N/A
4018,Australia,AIAUS995,keppel bay islands national park (scientific),,,,#N/A
115,Australia,AIAUS1008,koks island nature reserve,1991,,,#N/A
117,Australia,AIAUS1016,lacepede islands nature reserve,,,,#N/A
120,Australia,AIAUS1019,lady julia percy island wildlife reserve,,,,#N/A
122,Australia,AIAUS1037,lalang-garram / camden sound marine park - special purpose zone (pearling) - kuri bay special purpose zone (pearling),2023,,,#N/A
136,Australia,AIAUS1054,lancelin and edwards islands nature reserve,,,,#N/A
137,Australia,AIAUS1057,lashmar conservation park,,,,#N/A
139,Australia,AIAUS1064,lawrence rocks wildlife reserve,,,,#N/A
140,Australia,AIAUS1071,lesueur island nature reserve,,,,#N/A
141,Australia,AIAUS1085,lindeman islands national park,,,,#N/A
152,Australia,AIAUS1104,lizard island national park,,,,#N/A
804,Australia,AIAUS2108,upper south east marine park - sanctuary zone - sz-3 -,2014,5,High,#N/A
805,Australia,AIAUS212,big green island nature reserve,1999,,,#N/A
806,Australia,AIAUS2137,vansittart island conservation area,2011,,,#N/A
156,Australia,AIAUS1110,long island nature reserve,,,,#N/A
3975,Australia,AIAUS888,investigator marine park - habitat protection zone - hpz-3 -,2009,,,Australia
814,Australia,AIAUS215,bird island game reserve,1999,,,#N/A
166,Australia,AIAUS1143,low rocks nature reserve,,,,#N/A
817,Australia,AIAUS2170,wedge island nature reserve,2005,,,#N/A
167,Australia,AIAUS1144,lowendal islands nature reserve,,,,#N/A
168,Australia,AIAUS1173,magnetic island national park,,,,#N/A
821,Australia,AIAUS221,bligh point conservation area,2011,,,#N/A
176,Australia,AIAUS1222,michaelmas and upolu cays national park,,,,#N/A
177,Australia,AIAUS1223,michaelmas island nature reserve,,,,#N/A
181,Australia,AIAUS1233,mistaken island nature reserve,,,,#N/A
182,Australia,AIAUS1235,mitirinchi island (cape york peninsula aboriginal land) national park aboriginal,,,,#N/A
183,Australia,AIAUS1237,molle islands national park,,,,#N/A
3979,Australia,AIAUS889,investigator marine park - habitat protection zone - hpz-4 -,2009,,,Australia
189,Australia,AIAUS1242,montague island nature reserve,,,,#N/A
850,Australia,AIAUS2265,wright rock nature reserve,1999,,,#N/A
190,Australia,AIAUS1268,moon island nature reserve,,,,#N/A
191,Australia,AIAUS1274,moreton island national park,,,,#N/A
303,Australia,AIAUS1289,mount dutton bay conservation park,,,,#N/A
306,Australia,AIAUS1296,mud island conservation park,,,,#N/A
307,Australia,AIAUS1297,mud islands game reserve,,,,#N/A
897,Australia,AIAUS2334,great barrier reef coast marine park - marine national park -,2004,5,High,#N/A
309,Australia,AIAUS1298,muiron islands nature reserve,,,,#N/A
3983,Australia,AIAUS890,investigator marine park - habitat protection zone - hpz-5 -,2009,,,Australia
314,Australia,AIAUS1340,neptune islands group marine park - restricted access zone (existing),,,,#N/A
1673,Australia,AIAUS242,bouddi national park,1973,1,High,#N/A
327,Australia,AIAUS1397,niiwalarra islands national park,,,,#N/A
335,Australia,AIAUS1459,norfolk island (phillip island) national park (commonwealth),,,,#N/A
337,Australia,AIAUS1469,north rock nature reserve,,,,#N/A
3049,Australia,AIAUS250,boxen island conservation area,2011,,,#N/A
3050,Australia,AIAUS251,brampton islands national park,2004,2,High,#N/A
338,Australia,AIAUS1471,north solitary island nature reserve,,,,#N/A
3055,Australia,AIAUS256,brick islands conservation area,2011,,,#N/A
3056,Australia,AIAUS257,briggs islet conservation area,2000,,,#N/A
339,Australia,AIAUS1473,north turtle island nature reserve,,,,#N/A
342,Australia,AIAUS1477,northumberland islands national park,,,,#N/A
3088,Australia,AIAUS272,bruny island neck game reserve,1999,1,High,#N/A
341,Australia,AIAUS1476,north-west solitary island nature reserve,,,,#N/A
352,Australia,AIAUS1479,nuyts archipelago conservation park,,,,#N/A
3093,Australia,AIAUS276,bull rock conservation area,2012,,,#N/A
3094,Australia,AIAUS278,bun beetons point conservation area,2011,,,#N/A
3966,Australia,AIAUS884,investigator marine park - sanctuary zone - sz-3 -,2009,,,Australia
159,Australia,AIAUS1122,lord howe habitat protection zone (lord howe) - habitat protection zone (lord howe) -,2018,,,Australia
3867,Australia,AIAUS794,mon repos area (mra),,,,Australia
316,Australia,AIAUS1342,neptune islands group marine park - habitat protection zone - hpz-2 -,2009,,,Australia
382,Australia,AIAUS1495,nuyts archipelago marine park - habitat protection zone - hpz-2 -,2009,,,Australia
388,Australia,AIAUS1496,nuyts archipelago marine park - habitat protection zone - hpz-3 -,2009,,,Australia
3119,Australia,AIAUS325,cape byron marine park - habitat protection zone - little wategos beach,2002,,,#N/A
392,Australia,AIAUS1497,nuyts archipelago marine park - habitat protection zone - hpz-4 -,2009,,,Australia
395,Australia,AIAUS1498,nuyts archipelago marine park - habitat protection zone - hpz-5 -,2009,,,Australia
405,Australia,AIAUS1500,nuyts archipelago marine park - habitat protection zone - hpz-7 -,2009,,,Australia
359,Australia,AIAUS1485,nuyts archipelago marine park - sanctuary zone - sz-3 -,2009,,,Australia
426,Australia,AIAUS1508,nuyts reef conservation park,,,,#N/A
428,Australia,AIAUS1516,olive island conservation park,,,,#N/A
429,Australia,AIAUS1517,one tree island nature reserve,,,,#N/A
430,Australia,AIAUS1523,orpheus island national park,,,,#N/A
443,Australia,AIAUS1545,pelican island conservation area,,,,#N/A
3147,Australia,AIAUS391,christmas island national park (commonwealth),1980,2,High,#N/A
3151,Australia,AIAUS395,chronicle point conservation area,2013,,,#N/A
3152,Australia,AIAUS396,chuckle head conservation area,2011,,,#N/A
442,Australia,AIAUS1544,pelican island nature reserve,,,,#N/A
3156,Australia,AIAUS423,cone islet conservation area,2011,,,#N/A
444,Australia,AIAUS1547,penguin island conservation park,,,,#N/A
3158,Australia,AIAUS439,coral sea australian marine park - habitat protection zone,2018,2,High,#N/A
445,Australia,AIAUS1549,percy isles national park,,,,#N/A
3228,Australia,AIAUS441,coral sea australian marine park - national park zone,1982,5,High,#N/A
3312,Australia,AIAUS442,coral sea australian marine park - habitat protection zone (reefs),2018,4,High,#N/A
456,Australia,AIAUS1559,pigface island conservation park,,,,#N/A
3432,Australia,AIAUS453,councillor island nature reserve,2008,,,#N/A
3433,Australia,AIAUS454,craggy island conservation area,2011,,,#N/A
457,Australia,AIAUS1572,point davenport conservation park,,,,#N/A
3440,Australia,AIAUS472,curtis island nature reserve,1999,,,#N/A
459,Australia,AIAUS1663,possession island national park,,,,#N/A
463,Australia,AIAUS1669,prince regent national park,,,,#N/A
3448,Australia,AIAUS492,devils tower nature reserve,1999,,,#N/A
3449,Australia,AIAUS498,disappointment bay state reserve,2011,,,#N/A
3450,Australia,AIAUS4b,christmas island marine park - habitat protection zone,2022,1,High,#N/A
3454,Australia,AIAUS505,doughboy island conservation area,2011,,,#N/A
481,Australia,AIAUS1675,pulu keeling national park (commonwealth) - strict nature reserve zone,,,,#N/A
482,Australia,AIAUS1680,quagering nature reserve,,,,#N/A
3458,Australia,AIAUS519,east moncoeur island conservation area,2011,,,#N/A
3459,Australia,AIAUS528,eastern spencer gulf marine park - sanctuary zone - sz-3 -,2014,5,High,#N/A
3460,Australia,AIAUS529,goose island conservation park,1999,,,#N/A
3462,Australia,AIAUS531,eastern spencer gulf marine park - habitat protection zone - hpz-2 -,2014,2,High,#N/A
484,Australia,AIAUS1683,raine island national park (scientific),,,,#N/A
491,Australia,AIAUS1689,recherche archipelago nature reserve,,,High,#N/A
3469,Australia,AIAUS543,edgcumbe beach conservation area,2011,,,#N/A
3470,Australia,AIAUS547,egg beach conservation area,1999,,,#N/A
3471,Australia,AIAUS549,egg islands reserve conservation covenant,2009,,,#N/A
3472,Australia,AIAUS572,eighty mile beach marine park - special purpose zone (shore-based activities) - pananykarra special purpose zone,2013,,,#N/A
3474,Australia,AIAUS573,eighty mile beach marine park - special purpose zone (shore-based activities) - banningarra creek special purpose zone,2013,,,#N/A
3476,Australia,AIAUS595,encounter marine park - sanctuary zone - sz-9 -,2014,5,High,#N/A
566,Australia,AIAUS1697,regatta island nature reserve,,,,#N/A
319,Australia,AIAUS1350,repulse islands national park,,,,#N/A
3644,Australia,AIAUS744,rigby island gippsland lakes reserve,,,,#N/A
568,Australia,AIAUS1702,rileys island nature reserve,,,,#N/A
572,Australia,AIAUS1711,rocky island (north) conservation park,,,,#N/A
573,Australia,AIAUS1712,rocky island (south) conservation park,,,,#N/A
3491,Australia,AIAUS630,fannys bay conservation area,2011,,,#N/A
575,Australia,AIAUS1741,sandbanks national park,,,,#N/A
578,Australia,AIAUS1757,seal island (wa32199) nature reserve,,,,#N/A
3515,Australia,AIAUS635,far west coast marine park - sanctuary zone - sz-3,2012,,,#N/A
323,Australia,AIAUS1388,seal island nature reserve,,,,#N/A
579,Australia,AIAUS1758,seal islands wildlife reserve,,,,#N/A
580,Australia,AIAUS1762,searcy bay conservation park,,,,#N/A
582,Australia,AIAUS1795,shark island nature reserve,,,,#N/A
583,Australia,AIAUS1799,shelter island nature reserve,,,,#N/A
360,Australia,AIAUS1487,nuyts archipelago marine park - sanctuary zone - sz-5 -,2009,,,Australia
3538,Australia,AIAUS664,forsyth island conservation area,2003,,,#N/A
3540,Australia,AIAUS665,forwards beach conservation area,2011,,,#N/A
358,Australia,AIAUS1481,sinclair island conservation park,,,,#N/A
3542,Australia,AIAUS667,fossil bluff conservation area,2007,,,#N/A
3543,Australia,AIAUS668,fossil cove conservation area,2007,,,#N/A
362,Australia,AIAUS1488,nuyts archipelago marine park - sanctuary zone - sz-6 -,2009,,,Australia
584,Australia,AIAUS1820,sir joseph banks group marine park - restricted access zone (existing) - raz-1 -,,,,#N/A
363,Australia,AIAUS1489,nuyts archipelago marine park - sanctuary zone - sz-7 -,2009,,,Australia
369,Australia,AIAUS1491,nuyts archipelago marine park - sanctuary zone - sz-9 -,2009,,,Australia
631,Australia,AIAUS1841,smith islands national park,,,,#N/A
638,Australia,AIAUS1844,snapper island nature reserve,,,,#N/A
641,Australia,AIAUS1889,south cumberland islands national park,,,,#N/A
652,Australia,AIAUS1893,south west solitary island nature reserve,,,,#N/A
688,Australia,AIAUS1932,split solitary island nature reserve,,,,#N/A
324,Australia,AIAUS1389,st alouarn island nature reserve,,,,#N/A
325,Australia,AIAUS1390,sugar loaf rock nature reserve,,,,#N/A
3629,Australia,AIAUS719,gellibrand point nature recreation area,2011,,,#N/A
695,Australia,AIAUS1951,swain reefs national park,,,,#N/A
703,Australia,AIAUS1967,tanner island nature reserve,,,,#N/A
707,Australia,AIAUS1989,the spit wildlife reserve,,,,#N/A
25148,South Africa,AIZAF5,addo elephant national park marine protected area - bird island offshore restricted zone,2019,,,South Africa
622,Australia,AIAUS1834,sir joseph banks group marine park - general managed use zone - gmuz-4 -,2009,,,Australia
588,Australia,AIAUS1825,sir joseph banks group marine park - sanctuary zone - sz-4 -,2009,,,Australia
590,Australia,AIAUS1826,sir joseph banks group marine park - sanctuary zone - sz-5 -,2009,,,Australia
3657,Australia,AIAUS772,goose island conservation area,1999,,,#N/A
731,Australia,AIAUS2008,thorny passage marine park - habitat protection zone - hpz-2 -,2009,,,Australia
3661,Australia,AIAUS788,great sandy marine park - general use zone,1982,2,High,#N/A
735,Australia,AIAUS2009,thorny passage marine park - habitat protection zone - hpz-3 -,2009,,,Australia
760,Australia,AIAUS2015,three islands group national park,,,,#N/A
763,Australia,AIAUS2024,tollgate islands nature reserve,,,,#N/A
3836,Australia,AIAUS792,great sandy marine park - marine national park zone,1991,5,High,#N/A
764,Australia,AIAUS2027,torrens island conservation park,,,,#N/A
767,Australia,AIAUS2039,tumby island conservation park,,,,#N/A
768,Australia,AIAUS2044,twilight australian marine park - special purpose zone (mining exclusion),,,,#N/A
777,Australia,AIAUS2065,unnamed wa15185 nature reserve,,,,#N/A
779,Australia,AIAUS2069,unnamed wa36907 5(1)(h) reserve,,,,#N/A
782,Australia,AIAUS2070,unnamed wa36909 5(1)(h) reserve,,,,#N/A
785,Australia,AIAUS2072,unnamed wa36913 nature reserve,,,,#N/A
3945,Australia,AIAUS814,green island nature reserve,1999,,,#N/A
787,Australia,AIAUS2073,unnamed wa36915 nature reserve,,,,#N/A
800,Australia,AIAUS2078,unnamed wa44673 5(1)(h) reserve,,,,#N/A
3949,Australia,AIAUS833,gull island conservation area,2000,,,#N/A
3950,Australia,AIAUS843,harbour islets conservation area,2011,,,#N/A
3951,Australia,AIAUS844,harcus island conservation area,2011,,,#N/A
801,Australia,AIAUS2082,unnamed wa48858 nature reserve,,,,#N/A
3953,Australia,AIAUS851,henderson islets conservation area,2012,,,#N/A
3954,Australia,AIAUS857,hogan group conservation area,2011,,,#N/A
3955,Australia,AIAUS859,holts point conservation area,2011,,,#N/A
3956,Australia,AIAUS860,hope island nature recreation area,1999,,,#N/A
802,Australia,AIAUS2092,unnamed wa51162 5(1)(h) reserve,,,,#N/A
3962,Australia,AIAUS871,hunter island conservation area,2000,,,#N/A
807,Australia,AIAUS2144,waldegrave islands conservation park,,,,#N/A
3968,Australia,AIAUS887,investigator marine park - habitat protection zone - hpz-2 -,2014,2,High,#N/A
812,Australia,AIAUS2148,wallis island nature reserve,,,,#N/A
725,Australia,AIAUS2002,thorny passage marine park - sanctuary zone - sz-4 -,2009,,,Australia
819,Australia,AIAUS2202,west island conservation park,,,,#N/A
822,Australia,AIAUS2240,whitsunday islands national park,,,,#N/A
832,Australia,AIAUS2241,wild cattle island national park,,,,#N/A
3992,Australia,AIAUS894,isabella island nature reserve,1999,,,#N/A
835,Australia,AIAUS2251,"wilsons promontory islands remote and natural area - schedule 6, national parks act",,,,#N/A
841,Australia,AIAUS2257,winninowie conservation park,,,,#N/A
846,Australia,AIAUS2258,wittelbee conservation park,,,,#N/A
847,Australia,AIAUS2259,woody island nature reserve,,,,#N/A
848,Australia,AIAUS2261,woregore nature reserve,,,,#N/A
4004,Australia,AIAUS992,kent group marine reserve habitat protection zone,2001,3,High,#N/A
851,Australia,AIAUS2275,yahoo island nature reserve,,,,#N/A
856,Australia,AIAUS2291,yuwi paree toolkoon national park,,,,#N/A
4020,Barbados,AIBB3,folkestone marine reserve,,,,#N/A
4022,Belgium,AIBEL4,sbz 3 / zps 3 - bird special protection area 3,,,,#N/A
4025,Belize,AIBLZ10,gladden spit and silk cayes marine reserve,,,,#N/A
4028,Belize,AIBLZ10a,gladden spit and silk cayes - general use zone,,,,#N/A
4031,Belize,AIBLZ10b,gladden spit and silk cayes - conservation zone,2003,,,#N/A
4032,Belize,AIBLZ11,laughing bird caye national park,,,,#N/A
4035,Belize,AIBLZ12,port honduras marine reserve,,,,#N/A
4045,Belize,AIBLZ12a,port honduras - general use zone,,,,#N/A
4055,Belize,AIBLZ12d,port honduras - preservation zone,2000,,,#N/A
4057,Belize,AIBLZ12f,port honduras - conservation zones,2000,,,#N/A
4061,Belize,AIBLZ15,st. george's caye,,,,#N/A
4062,Belize,AIBLZ17,great blue hole natural monument,,,,#N/A
4063,Belize,AIBLZ22,south water caye marine reserve,,3,High,#N/A
4074,Belize,AIBLZ22a,south water caye - general use zone,1996,4,High,#N/A
4085,Belize,AIBLZ22b,south water caye - conservation zone,1996,5,High,#N/A
4091,Belize,AIBLZ22c,south water caye - preservation zone,1996,,,#N/A
4092,Belize,AIBLZ23,sapodilla cayes marine reserve,,,,#N/A
4096,Belize,AIBLZ23a,sapodilla cayes - general use zone,1996,,,#N/A
4100,Belize,AIBLZ23b,sapodilla cayes - conservation zone i,1996,,,#N/A
4101,Belize,AIBLZ23c,sapodilla cayes - conservation zone ii,1996,,,#N/A
4103,Belize,AIBLZ23d,sapodilla cayes - preservation zone,1996,,,#N/A
4104,Belize,AIBLZ27,caye caulker marine reserve,,,,#N/A
723,Australia,AIAUS1998,thorny passage marine park - sanctuary zone - sz-6 -,2009,,,Australia
4110,Belize,AIBLZ27b,caye caulker - conservation zone,1998,,,#N/A
4112,Belize,AIBLZ27c,caye caulker - preservation zone,1998,,,#N/A
4114,Belize,AIBLZ28,caye caulker - forest reserve,,,,#N/A
4115,Belize,AIBLZ3,bacalar chico marine reserve,,,,#N/A
4119,Belize,AIBLZ32,corozal bay wildlife sanctuary,,,,#N/A
726,Australia,AIAUS2004,thorny passage marine park - sanctuary zone - sz-7 -,2009,,,Australia
4151,Belize,AIBLZ38a,turneffe atoll marine reserve - maugre caye conservation zone,,,,#N/A
4153,Belize,AIBLZ38b,turneffe atoll marine reserve - dog flea caye conservation zone,,,,#N/A
4155,Belize,AIBLZ38c,turneffe atoll marine reserve - blackbird caye conservation zone,,,,#N/A
4156,Belize,AIBLZ38d,turneffe atoll marine reserve - caye bokel conservation zone,,,,#N/A
4158,Belize,AIBLZ38e,turneffe atoll marine reserve -long bouge conservation zone,,,,#N/A
4160,Belize,AIBLZ38f,turneffe atoll marine reserve - general use zone,,,,#N/A
4174,Belize,AIBLZ38g,turneffe atoll marine reserve - preservation zone,,,,#N/A
4176,Belize,AIBLZ38h,turneffe atoll marine reserve - vincent's lagoon special management area,,,,#N/A
4180,Belize,AIBLZ38i,turneffe atoll marine reserve - cockroach-grassy caye special management area,,,,#N/A
4183,Belize,AIBLZ38j,turneffe atoll marine reserve - maugre caye nassau grouper & species protection conservation zone,,,,#N/A
4184,Belize,AIBLZ3a,bacalar chico marine reserve - general use zone,1996,,,#N/A
4188,Belize,AIBLZ3b,bacalar chico marine reserve - conservation zone i,1996,,,#N/A
4189,Belize,AIBLZ3c,bacalar chico marine reserve - conservation zone ii,1996,,,#N/A
4191,Belize,AIBLZ3d,bacalar chico marine reserve - preservation zone,1996,,,#N/A
4192,Belize,AIBLZ43,belize barrier reef reserve system,,2,High,#N/A
4221,Belize,AIBLZ46,sarstoon temash national park,,,,#N/A
4223,Belize,AIBLZ5,hol chan marine reserve,,,,#N/A
4232,Belize,AIBLZ5a,hol chan marine reserve - zone a barrier reef - no take conservation zone hol chan channel,,,,#N/A
4233,Belize,AIBLZ5b,hol chan marine reserve - zone b sea grass beds - conservation zone,,,,#N/A
4235,Belize,AIBLZ5c,hol chan marine reserve - zone c mangrove wetlands - general use zone,,,,#N/A
4236,Belize,AIBLZ5d,hol chan marine reserve - zone d - general use area,,,,#N/A
4237,Belize,AIBLZ5e,hol chan marine reserve - zone e-i bajos general use area,1999,,,#N/A
4244,Belize,AIBLZ5f,hol chan marine reserve - zone e-ii cayo pajaros conservation zone,1987,,,#N/A
4245,Belize,AIBLZ5g,hol chan marine reserve - zone e-iii bajos conservation zone,2016,,,#N/A
4246,Belize,AIBLZ5h,hol chan marine reserve - zone e-iv cayo rosario conservation zone,1987,,,#N/A
4248,Belize,AIBLZ5i,hol chan marine reserve - zone e-v blackadone caye conservation zone,1987,,,#N/A
4250,Belize,AIBLZ5j,hol chan marine reserve - zone e-vi los salones conservation zone,2016,,,#N/A
727,Australia,AIAUS2005,thorny passage marine park - sanctuary zone - sz-8 -,2009,,,Australia
818,Australia,AIAUS2194,west coast bays marine park - restricted access zone (existing) - raz-1 -,2009,,,Australia
4258,Belize,AIBLZ5n,hol chan marine reserve - shark and ray alley - exclusive recreational area,1999,,,#N/A
4259,Belize,AIBLZ6,swallow caye wildlife sanctuary,,,,#N/A
4263,Belize,AIBLZ8,half moon caye natural monument,,,,#N/A
4265,Belize,AIBLZ9,glover's reef marine reserve,,,,#N/A
4270,Belize,AIBLZ9a,glover's reef - general use zone,,,,#N/A
4275,Belize,AIBLZ9b,glover's reef - conservation zone,,,,#N/A
4277,Belize,AIBLZ9c,glover's reef - wilderness zone,,,,#N/A
4278,Belize,AIBLZ9d,glover's reef - seasonal closure zone,,,,#N/A
4332,Bahamas,AIBS3,andros north and south marine park,2002,,,"Bahamas, The"
4107,Belize,AIBLZ27a,caye caulker - general use zone,1998,,,Belize
25157,South Africa,AIZAF6,addo elephant national park marine protected area - cannon rocks inshore controlled zone,2019,,,South Africa
4252,Belize,AIBLZ5l,hol chan marine reserve - zone g mexico rocks general use zone,1987,,,Belize
4255,Belize,AIBLZ5m,hol chan marine reserve - zone h mexico rocks no take zone,1987,,,Belize
4281,Bermuda,AIBMU100,shelly bay nature reserve,1986,,,Bermuda
25170,South Africa,AIZAF7,addo elephant national park marine protected area - cannon rocks offshore controlled zone,2019,,,South Africa
25182,South Africa,AIZAF8,addo elephant national park marine protected area - cape padrone inshore controlled zone,2019,,,South Africa
4284,Bermuda,AIBMU107,spittal pond nature reserve,1970,,,Bermuda
25205,South Africa,AIZAF9,addo elephant national park marine protected area - st croix island offshore restricted zone,2019,,,South Africa
24610,South Africa,AIZAF10,addo elephant national park marine protected area - sundays inshore controlled zone,2019,,,South Africa
4292,Brazil,AIBRA120,parque estadual marinho da laje de santos; laje de santos,,,,#N/A
4296,Brazil,AIBRA130,refúgio de vida silvestre das ilhas do abrigo e guararitama; ilhas do abrigo e guararitama; todas as modalidades de pesca - rvs ilhas do abrigo e guararitama,,,,#N/A
4297,Brazil,AIBRA140,estação ecológica de tupinambás,,,,#N/A
4300,Brazil,AIBRA190,monumento natural arquipélago das ilhas cagarras,,,,#N/A
4302,Bahamas,AIBS14,conception island national park,,,,#N/A
4308,Bahamas,AIBS21,exuma cays land and sea park national park,,,,#N/A
4320,Bahamas,AIBS22,fowl cays national park,,,,#N/A
4321,Bahamas,AIBS23,grahams harbours national park,2015,,,#N/A
4323,Bahamas,AIBS24,green's bay national park,2015,,,#N/A
4324,Bahamas,AIBS27,exuma (jewfish cay) marine reserve,,,,#N/A
4329,Bahamas,AIBS29,little inagua national park,,,,#N/A
4287,Bermuda,AIBMU56,castle harbour islands nature reserve,1986,,,Bermuda
4333,Bahamas,AIBS31,lucayan national park,,,,#N/A
4336,Bahamas,AIBS33,moriah harbour cay national park,,,,#N/A
4340,Bahamas,AIBS39,pelican cays land and sea national park,,,,#N/A
4344,Bahamas,AIBS41,pigeon creek and snow bay national park,2015,,,#N/A
4347,Bahamas,AIBS43,south abaco blue holes national park,,,,#N/A
4352,Bahamas,AIBS44,south berry islands marine reserve,,,,#N/A
4356,Bahamas,AIBS52,walker's cay national park,,,,#N/A
4358,Bahamas,AIBS53,west coast marine park,,,,#N/A
4361,Bahamas,AIBS54,westside national park,,,,#N/A
4430,Bahamas,AIBS8,bonefish pond national park,,,,#N/A
24618,South Africa,AIZAF11,addo elephant national park marine protected area - sundays inshore restricted zone,2019,,,South Africa
24626,South Africa,AIZAF12,addo elephant national park marine protected area - sundays offshore controlled zone,2019,,,South Africa
3890,Australia,AIAUS797,shorebird roosting and feeding area (srf),,,,Australia
4137,Belize,AIBLZ38,turneffe atoll marine reserve,,,,Belize
4288,Bermuda,AIBMU60,cooper's island nature reserve,,,,Bermuda
4289,Bermuda,AIBMU66,daniel's island nature reserve,,,,Bermuda
4435,British Virgin Islands,AIBVI29,diamond cay national park,1991,,,British Virgin Islands
24823,South Africa,AIZAF250,aliwal shoal marine protected area - aliwal shoal offshore controlled-pelagic linefish zone,2019,,,South Africa
24826,South Africa,AIZAF251,aliwal shoal marine protected area - aliwal shoal offshore restricted zone,2019,,,South Africa
4442,British Virgin Islands,AIBVI4,fallen jerusalem island bird sanctuary,,,,#N/A
24829,South Africa,AIZAF252,aliwal shoal marine protected area - crown offshore restricted zone,2019,,,South Africa
4439,British Virgin Islands,AIBVI33a,great tobago,1995,,,British Virgin Islands
4445,British Virgin Islands,AIBVI45,sandy cay national park,2008,,,#N/A
24830,South Africa,AIZAF253,aliwal shoal marine protected area - green point inshore restricted zone,2019,,,South Africa
24831,South Africa,AIZAF254,aliwal shoal marine protected area - illovo offshore controlled zone,2019,,,South Africa
4448,British Virgin Islands,AIBVI4a,fallen jerusalem national park,,,,#N/A
24833,South Africa,AIZAF256,aliwal shoal marine protected area - ngane offshore restricted zone,2019,,,South Africa
24834,South Africa,AIZAF257,aliwal shoal marine protected area - park rynie offshore controlled zone,2019,,,South Africa
4451,British Virgin Islands,AIBVI56,dead chest national park,,,,#N/A
24832,South Africa,AIZAF255,aliwal shoal marine protected area - produce offshore restricted zone,2019,,,South Africa
4453,British Virgin Islands,AIBVI57,little tobago,,,,#N/A
4447,British Virgin Islands,AIBVI47a,prickly pear national park,1988,,,British Virgin Islands
24838,South Africa,AIZAF258,aliwal shoal marine protected area - rocky bay inshore restricted zone,2019,,,South Africa
24839,South Africa,AIZAF259,aliwal shoal marine protected area - scottburgh inshore controlled zone,2019,,,South Africa
24841,South Africa,AIZAF260,aliwal shoal marine protected area - umkomaas inshore controlled zone,2019,,,South Africa
4459,British Virgin Islands,AIBVI8,west dog island,,,,#N/A
4460,British Virgin Islands,AIBVI9,wreck of the rhone marine park,,,,#N/A
4461,USA,AICA19,james v. fitzgerald marine reserve,,,,#N/A
4290,Bermuda,AIBMU91,nelly island nature reserve,,,,Bermuda
4291,Bermuda,AIBMU92,one rock passage nature reserve,,,,Bermuda
24704,South Africa,AIZAF206,amathole marine protected area - gxulu offshore controlled pelagic linefish zone,2011,,,South Africa
4483,Chile,AICHL003,francisco coloane,,,,#N/A
4516,Chile,AICHL004,francisco coloane- isla carlos iii,,,,#N/A
4518,Chile,AICHL005,coral nui nui,,,,#N/A
4519,Chile,AICHL006,hanga oteo,,,,#N/A
4520,Chile,AICHL007,motu tautara,,4,High,#N/A
4521,Chile,AICHL008,lafken mapu lahual,,,,#N/A
4524,Chile,AICHL009,fiordo comau- san ignacio de huinay,2008,2,High,#N/A
4526,Chile,AICHL010,isla grande atacama - punta morro - desembocadura río copiapó,,,,#N/A
4529,Chile,AICHL011,pitipalena-añihue,,,,#N/A
4540,Chile,AICHL012,nazca-desventuradas,,,,#N/A
4549,Chile,AICHL013,motu motiro hiva,2010,5,High,#N/A
4550,Chile,AICHL014,bahía moreno - la rinconada,,,,#N/A
4552,Chile,AICHL015,pullinque,,,,#N/A
4553,Chile,AICHL016,putemún,,,,#N/A
4554,Chile,AICHL017,isla chañaral,,,,#N/A
4555,Chile,AICHL018,islas choros - damas,,,,#N/A
4556,Chile,AICHL022,cabo de hornos,,,,#N/A
4589,Chile,AICHL025,islotes de punihuil,,,,#N/A
24706,South Africa,AIZAF207,amathole marine protected area - gxulu offshore controlled zone,2011,,,South Africa
4465,Canada,AICAN316,banc-des-américains marine protected area - zone 1,2019,,,Canada
4471,Canada,AICAN317,banc-des-américains marine protected area - zone 2a,2019,,,Canada
4593,Chile,AICHL029,islotes lobería y lobería iglesia de piedra de cobquecura,,,,#N/A
4595,Chile,AICHL030,estero quitralco,,,,#N/A
4602,Chile,AICHL032,isla de sala y gómez e islotes adyacentes a la isla de pascua,,1,High,#N/A
4605,Chile,AICHL040,bahía lomas,,,,#N/A
4623,Chile,AICHL041,rapa nui multiple use marine protected area,2018,3,High,#N/A
4629,Cameroon,AICMR4,douala edea national park,,,,#N/A
4654,Cameroon,AICMR5,manyange na elombo-campo nariona marine park,,,,#N/A
4665,Comoros,AICOM3,parc national coelacanthe,,,,#N/A
4670,Comoros,AICOM5,parc national mitsamiouli ndroudé,,,,#N/A
4674,Comoros,AICOM7,parc national shisiwani,,,,#N/A
4476,Canada,AICAN318,banc-des-américains marine protected area - zone 2b,2019,,,Canada
4590,Chile,AICHL028a,islote pájaros niño - zone of absolute protection,1978,,,Chile
4591,Chile,AICHL028b,islote pájaros niño - restricted use zone,1978,,,Chile
4592,Chile,AICHL028c,islote pájaros niño - maritime buffer zone,1978,,,Chile
4679,Costa Rica,AICRI10,tempisque conservation area - cabo blanco marine management area - low intervention zone,1963,,,Costa Rica
4686,Costa Rica,AICRI11,tempisque conservation area - cabo blanco marine management area - medium intervention zone,1963,,,Costa Rica
4694,Costa Rica,AICRI126,central pacific conservation area - playa hermosa punta mala national wildlife refuge - minimum or no intervention zone,1998,,,Costa Rica
4695,Costa Rica,AICRI127,central pacific conservation area - playa hermosa punta mala national wildlife refuge - low intervention zone,1998,,,Costa Rica
4696,Costa Rica,AICRI128,central pacific conservation area - playa hermosa punta mala national wildlife refuge - medium intervention zone,1998,,,Costa Rica
4698,Costa Rica,AICRI129,central pacific conservation area - playa hermosa punta mala national wildlife refuge - high intervention zone,1998,,,Costa Rica
24712,South Africa,AIZAF208,amathole marine protected area - gxulu offshore restricted zone,2011,,,South Africa
4705,Costa Rica,AICRI139,tortuguero conservation area - tortuguero national park - marine absolute protection zone - marine-coastal sector,1970,,,Costa Rica
24714,South Africa,AIZAF210,amathole marine protected area - kei offshore restricted zone,2011,,,South Africa
4714,Costa Rica,AICRI146,tortuguero conservation area - tortuguero national park - special use zone - jalova lagoon,1970,,,Costa Rica
4716,Costa Rica,AICRI147,tortuguero conservation area - tortuguero national park - public use zone - cuatro esquinas sector,1970,,,Costa Rica
4725,Costa Rica,AICRI19,tempisque conservation area - caletas ario national wildlife refuge,,2,High,#N/A
4718,Costa Rica,AICRI148,tortuguero conservation area - tortuguero national park - public use zone - jalova sector,1970,,,Costa Rica
4720,Costa Rica,AICRI156,golfito wildlife refuge: minimal or no intervention zone,1986,,,Costa Rica
4743,Costa Rica,AICRI196,piedras blancas national park - marine low intervention zone,,,,#N/A
4722,Costa Rica,AICRI176,nicolás wessberg nature reserve: restricted use zone,1994,,,Costa Rica
4723,Costa Rica,AICRI177,nicolás wessberg nature reserve: buffer zone,1994,,,Costa Rica
4729,Costa Rica,AICRI192,corcovado national park - marine minimal intervention zone,1975,,,Costa Rica
4735,Costa Rica,AICRI193,corcovado national park - marine low intervention zone,1975,,,Costa Rica
4745,Costa Rica,AICRI197,piedras blancas national park - marine medium intervention zone,1991,,,Costa Rica
4747,Costa Rica,AICRI199,cipanci wildlife refuge - absolute protection zone,2001,,,Costa Rica
4748,Costa Rica,AICRI200,cipanci wildlife refuge - restricted use zone,2001,,,Costa Rica
4763,Costa Rica,AICRI212,chora island wildlife refuge,,,,#N/A
4764,Costa Rica,AICRI218,pajaros islands biological reserve,,,,#N/A
4765,Costa Rica,AICRI22,tempisque conservation area - caletas ario national wildlife refuge - marine protection zone,2006,4,High,#N/A
4749,Costa Rica,AICRI209,estero puntarenas wetlands and mangroves - minimal intervention zone,2001,,,Costa Rica
4768,Costa Rica,AICRI27,tempisque conservation area - camaronal national wildlife refuge - protection zone,2006,4,High,#N/A
4753,Costa Rica,AICRI21,tempisque conservation area - caletas ario national wildlife refuge - restricted use zone,2006,,,Costa Rica
4755,Costa Rica,AICRI210,estero puntarenas wetlands and mangroves - low intervention zone,2001,,,Costa Rica
4759,Costa Rica,AICRI211,estero puntarenas wetlands and mangroves - medium intervention zone,2001,,,Costa Rica
4766,Costa Rica,AICRI241,tempisque conservation area - corral de piedra palustrine wetland - buffer zone,1994,,,Costa Rica
4769,Costa Rica,AICRI35,la amistad caribbean conservation area - gandoca manzanillo national wildlife refuge - gandoca lagoon,1985,,,Costa Rica
4770,Costa Rica,AICRI37,la amistad caribbean conservation area - gandoca manzanillo national wildlife refuge - marine minimum intervention zone,1985,,,Costa Rica
4772,Costa Rica,AICRI38,la amistad caribbean conservation area - gandoca manzanillo national wildlife refuge - marine low intervention zone,1985,,,Costa Rica
4776,Costa Rica,AICRI40,la amistad caribbean conservation area - gandoca manzanillo national wildlife refuge - terrestrial minimum intervention zone,1985,,,Costa Rica
4784,Costa Rica,AICRI52,isla del coco national park marine protected area,1984,5,High,#N/A
4778,Costa Rica,AICRI41,la amistad caribbean conservation area - gandoca manzanillo national wildlife refuge - terrestrial low intervention zone - sea turtle nesting beaches,1985,,,Costa Rica
4779,Costa Rica,AICRI42,la amistad caribbean conservation area - gandoca manzanillo national wildlife refuge - terrestrial low intervention zone,1985,,,Costa Rica
4780,Costa Rica,AICRI49,isla del coco national park - public use zone,1978,1,High,Costa Rica
4783,Costa Rica,AICRI50,isla del coco national park - special use zone,1978,,,Costa Rica
4789,Costa Rica,AICRI54,isla del coco national park - minimal intervention zone - conservation 1-a subzone,1978,,,Costa Rica
4794,Costa Rica,AICRI56,isla del coco national park - low intervention zone - conservation 2-a subzone,1978,4,High,Costa Rica
4796,Costa Rica,AICRI57,isla del coco national park - low intervention zone - navigation 2-b subzone,1978,,,Costa Rica
4797,Costa Rica,AICRI61,isla del coco national park - medium intervention zone - 3-c dive sites subzone,1978,1,High,Costa Rica
4282,Bermuda,AIBMU101,smith's island nature reserve,,,,Bermuda
4283,Bermuda,AIBMU106,spanish point islands nature reserve,,,,Bermuda
4285,Bermuda,AIBMU109,walsingham nature reserve,,,,Bermuda
4286,Bermuda,AIBMU113,wilkinson memorial nature reserve,,,,Bermuda
4432,British Virgin Islands,AIBVI26,cockroach island bird sanctuary,,,,British Virgin Islands
4433,British Virgin Islands,AIBVI28,cooper island bird sanctuary,,,,British Virgin Islands
4823,Cuba,AICU36,jardines de la reina,,,,#N/A
4452,British Virgin Islands,AIBVI56a,dead chest island bird sanctuary,,,,British Virgin Islands
4450,British Virgin Islands,AIBVI53a,east seal dog island bird sanctuary,,,,British Virgin Islands
4866,Germany,AIDEU162,küsten- und dünenlandschaften amrums,,,,#N/A
4870,Germany,AIDEU67,geltinger birk,,,,#N/A
4874,Germany,AIDEU68,unterems und außenems,,,,#N/A
4882,Germany,AIDEU69,unterweser,,,,#N/A
4436,British Virgin Islands,AIBVI30,george dog island bird sanctuary,,,,British Virgin Islands
4901,Germany,AIDEU71,traveförde und angrenzende flächen,,,,#N/A
4907,Germany,AIDEU72,küste klützer winkel und ufer von dassower see und trave,,,,#N/A
4455,British Virgin Islands,AIBVI59,ginger island bird sanctuary,,,,British Virgin Islands
4932,Germany,AIDEU74,schleswig-holsteinisches elbästuar und angrenzende flächen,,,,#N/A
4437,British Virgin Islands,AIBVI32,great dog island bird sanctuary,,,,British Virgin Islands
4958,Germany,AIDEU76,küstenlandschaft südostrügen,,,,#N/A
4438,British Virgin Islands,AIBVI33,great tobago island bird sanctuary,,,,British Virgin Islands
4974,Germany,AIDEU78,emsmarsch von leer bis emden,,,,#N/A
4981,Germany,AIDEU79,stoltera bei rostock,,,,#N/A
4454,British Virgin Islands,AIBVI57a,little tobago island bird sanctuary,,,,British Virgin Islands
4983,Germany,AIDEU82,jasmund,,,,#N/A
4440,British Virgin Islands,AIBVI37,mosquito island bird sanctuary,,,,British Virgin Islands
4988,Germany,AIDEU85,strandniederungen südlich neustadt,,,,#N/A
4990,Germany,AIDEU86,luneplate,,,,#N/A
4992,Germany,AIDEU87,hemmelmarker see,,,,#N/A
4441,British Virgin Islands,AIBVI39,necker island bird sanctuary,,,,British Virgin Islands
4997,Germany,AIDEU91,hohenfelder mühlenau,,,,#N/A
4999,Germany,AIDEU92,"peenemünder haken, struck und ruden - gebietsteil a",,,,#N/A
5004,Germany,AIDEU94,wustrow,,,,#N/A
5006,Germany,AIDEU95,biosphärenreservat südost-rügen,,,,#N/A
5014,Djbouti,AIDJI4,haramous marine protected area,,,,#N/A
5016,Djbouti,AIDJI5,iles musha et maskhali marine protected area,,,,#N/A
5020,Djbouti,AIDJI6,sep freres marine protected area,,,,#N/A
5029,Dominica,AIDM4,cabrits national park and marine reserve,,,,#N/A
5030,Dominica,AIDM5,soufriere/scott's head marine reserve,,,,#N/A
5031,Dominican Republic,AIDO12,guaraguao punta catuano,,,,#N/A
5034,Dominican Republic,AIDO14,cayos siete hermanos national wildlife refuge,,,,#N/A
5038,Dominican Republic,AIDO15,humedales del bajo yaque del sur national wildlife refuge,,,,#N/A
5040,Dominican Republic,AIDO16,la gran laguna o perucho national wildlife refuge,,,,#N/A
5042,Dominican Republic,AIDO19,manglar de la jina national wildlife refuge,,,,#N/A
5046,Dominican Republic,AIDO20,manglares de puerto viejo national wildlife refuge,,,,#N/A
5048,Dominican Republic,AIDO22,río soco national wildlife refuge,,,,#N/A
5050,Dominican Republic,AIDO23,isla catalina natural monument,,,,#N/A
5052,Dominican Republic,AIDO24,costa azul via panoramica,,,,#N/A
5055,Dominican Republic,AIDO27,la caleta underwater national park,,,,#N/A
5056,Dominican Republic,AIDO28,montecristi underwater national park,,,,#N/A
5064,Dominican Republic,AIDO3,bancos de la plata y de la navidad marine mammal sanctuary,,,,#N/A
5157,Dominican Republic,AIDO32,cabo rojo-bahia de las aguilas,,,,#N/A
5159,Dominican Republic,AIDO33,francisco alberto caamano national park,,,,#N/A
5170,Dominican Republic,AIDO34,la hispaniola national park,,,,#N/A
5174,Dominican Republic,AIDO35,laguna gri-gri,,,,#N/A
5175,Dominican Republic,AIDO36,playa blanca,,,,#N/A
5176,Dominican Republic,AIDO39,punta bayahibe,,,,#N/A
5177,Dominican Republic,AIDO4,santuario marino del norte,,,,#N/A
5180,Dominican Republic,AIDO7,cotubanamá scientific reserve,,,,#N/A
5192,Dominican Republic,AIDO8,jaragua national park,,,,#N/A
4456,British Virgin Islands,AIBVI60,peter island bird sanctuary,,,,British Virgin Islands
5213,Algeria,AIDZA4,iles habibas,,,,#N/A
4446,British Virgin Islands,AIBVI47,prickly pear bird sanctuary,,,,British Virgin Islands
4443,British Virgin Islands,AIBVI43,round rock island bird sanctuary,,,,British Virgin Islands
4458,British Virgin Islands,AIBVI61,saba island bird sanctuary,,,,British Virgin Islands
5225,Ecuador,AIECU112,isla santay,,,,#N/A
4444,British Virgin Islands,AIBVI44,salt island bird sanctuary,,,,British Virgin Islands
5233,Ecuador,AIECU18,galera san francisco,,,,#N/A
5240,Ecuador,AIECU192,galapagos marine reserve,2000,3,High,#N/A
5362,Ecuador,AIECU193,galapagos national park,1959,1,High,#N/A
4449,British Virgin Islands,AIBVI50,st. eustatia bird sanctuary,,,,British Virgin Islands
5480,Ecuador,AIECU36,pacoche,,,,#N/A
4801,Costa Rica,AICRI68,central pacific conservation area - manuel antonio national park - extensive public use zone,,,,Costa Rica
5492,Ecuador,AIECU39,cantagallo - machalilla,2005,3,High,#N/A
5503,Ecuador,AIECU46,machalilla,1979,3,High,#N/A
5510,Ecuador,AIECU56,bajo cope,,,,#N/A
5517,Ecuador,AIECU61,puntilla de santa elena,,,,#N/A
5524,Ecuador,AIECU66,playas de villamil,,,,#N/A
5526,Ecuador,AIECU72,manglares el morro,,,,#N/A
5532,Egypt,AIEGY9,burullus,,,,#N/A
5551,Spain,AIESP101,àrea marina costa de llevant,,,,#N/A
5554,Spain,AIESP102,costa de llevant,,,,#N/A
5559,Spain,AIESP103,portocolom,2004,2,High,#N/A
5560,Spain,AIESP112,arxipèlag de cabrera,2019,2,High,#N/A
4800,Costa Rica,AICRI67,central pacific conservation area - manuel antonio national park - restricted use zone,,,,Costa Rica
5571,Spain,AIESP122,es rajolí,,,,#N/A
4700,Costa Rica,AICRI13,la amistad caribbean conservation area - cahuita national park: absolute protection zone,,,,Costa Rica
5575,Spain,AIESP138,port des canonge,,,,#N/A
5577,Spain,AIESP139,s'estaca - punta de deià,,,,#N/A
5579,Spain,AIESP149,reserva marina del levante de mallorca - cala rajada,2007,4,High,#N/A
5583,Spain,AIESP153,badies de pollença i alcúdia,1997,3,High,#N/A
5593,Spain,AIESP154,muntanyes d'artà,2000,3,High,#N/A
5599,Spain,AIESP155,punta de n'amer,,,,#N/A
21111,Mexico,AIMEX149b,arrecife alacranes national park - preservation zone,2000,,,Mexico
5605,Spain,AIESP173,cala figuera,,2,High,#N/A
5606,Spain,AIESP178,àrea marina cap de cala figuera,,,,#N/A
21101,Mexico,AIMEX149a,arrecife alacranes national park - restricted use zone,2000,,,Mexico
21115,Mexico,AIMEX149c,arrecife alacranes national park - sustainable use zone,2000,,,Mexico
21648,Mexico,AIMEX220,arrecife de puerto morelos,1998,,,Mexico
5614,Spain,AIESP204,espacio marino de illes columbretes,,,,#N/A
21655,Mexico,AIMEX220b,arrecife de puerto morelos - education and environmental interpretation zone,1998,,,Mexico
21668,Mexico,AIMEX220h,arrecife de puerto morelos - fishing zone,1998,,,Mexico
21652,Mexico,AIMEX220a,arrecife de puerto morelos - intensive recreational use zone,1998,,,Mexico
5633,Spain,AIESP217,litoral meridional tarragoní,2006,2,High,#N/A
21661,Mexico,AIMEX220e,arrecife de puerto morelos - navigation zone,1998,,,Mexico
5641,Spain,AIESP23,àrea marina platja de migjorn,,,,#N/A
5643,Spain,AIESP24,àrea marina platja de tramuntana,,,,#N/A
21657,Mexico,AIMEX220d,arrecife de puerto morelos - reef navigation zone,1998,,,Mexico
5652,Spain,AIESP247,western submarine gun system of the gulf of león,,,,#N/A
21656,Mexico,AIMEX220c,arrecife de puerto morelos - safety channel,1998,,,Mexico
21671,Mexico,AIMEX220i,arrecife de puerto morelos - scientific resarch zone,1998,,,Mexico
5663,Spain,AIESP26,àrea marina de cala saona,,,,#N/A
5665,Spain,AIESP265,litoral del baix empordà,1997,2,High,#N/A
5668,Spain,AIESP27,salinas de ibiza y formentera,,,,#N/A
5671,Spain,AIESP283,reserva marina de masía blanca,,,,#N/A
5673,Spain,AIESP294,espacio marino de alborán,,,,#N/A
21664,Mexico,AIMEX220f,arrecife de puerto morelos - semi-intensive recreational use zone,1998,,,Mexico
5675,Spain,AIESP301,sur de almería - seco de los olivos,2014,2,High,#N/A
5694,Spain,AIESP303,fondos marinos de punta entinas-sabinar,,,,#N/A
5697,Spain,AIESP309,arrecifes de roquetas de mar,,,,#N/A
5698,Spain,AIESP31,àrea marina de tagomago,,,,#N/A
5700,Spain,AIESP312,fondos marinos levante almeriense,1997,3,High,#N/A
5709,Spain,AIESP32,"illots de santa eulària, rodona i es canà",2006,2,High,#N/A
5711,Spain,AIESP320,valles submarinos del escarpe de mazarrón,,,,#N/A
5724,Spain,AIESP33,área marina del cap martinet,,,,#N/A
5726,Spain,AIESP335,isla cueva de lobos,,,,#N/A
5727,Spain,AIESP336,isla de las palomas,,,,#N/A
5728,Spain,AIESP34,nord de sant joan,,,,#N/A
5731,Spain,AIESP343,espacio marino de tabarca-cabo de palos,1997,4,High,#N/A
5745,Spain,AIESP345,espacio marino de cabo roig,2009,2,High,#N/A
5749,Spain,AIESP354,isla grosa,,,,#N/A
21666,Mexico,AIMEX220g,arrecife de puerto morelos - special recreational zone,1998,,,Mexico
5758,Spain,AIESP378,espacio marino del cabo de les hortes,,,,#N/A
5761,Spain,AIESP383,serra gelada i litoral de la marina baixa,,,,#N/A
5766,Spain,AIESP389,espacio marino de ifac,2014,2,High,#N/A
5768,Spain,AIESP393,espacio marino de la marina alta,1997,2,High,#N/A
5771,Spain,AIESP398,montgó,,2,High,#N/A
21587,Mexico,AIMEX210,arrecifes de cozumel national park,2000,,,Mexico
21597,Mexico,AIMEX210d,arrecifes de cozumel national park - eastern low intensity use zone - federal maritime land zone and adjacent marine areaarrecifes de cozumel national park - eastern low intensity use zone - federal maritime land zone and adjacent marine area,2000,,,Mexico
21593,Mexico,AIMEX210b,arrecifes de cozumel national park - intensive use zone - federal maritime land zone and adjacent marine area.,2000,,,Mexico
5781,Spain,AIESP414,l'albufera,,,,#N/A
5790,Spain,AIESP419,alguers de borriana-nules-moncofa,,,,#N/A
5794,Spain,AIESP42,costa de l'oest d'eivissa,,,,#N/A
5796,Spain,AIESP43,àrea marina de ses margalides,,,,#N/A
5797,Spain,AIESP434,costes del tarragonès,,,,#N/A
5799,Spain,AIESP44,es amunts d'eivissa,,,,#N/A
5801,Spain,AIESP465,el saladillo - punta de baños,2007,2,High,#N/A
5803,Spain,AIESP466,estrecho oriental,,,,#N/A
5807,Spain,AIESP467,fondos marinos de la bahía de estepona,2000,2,High,#N/A
5808,Spain,AIESP471,zona marítimo-terrestre del monte hacho,1999,2,High,#N/A
5812,Spain,AIESP476,zona marítimo terrestre de los acantilados de aguadú,2002,5,High,#N/A
21602,Mexico,AIMEX211,arrecifes de cozumel national park - intensive use zone - talud insular,2000,,,Mexico
21605,Mexico,AIMEX212,arrecifes de cozumel national park - intensive use zone - zona arrecifal,2000,,,Mexico
5823,Spain,AIESP542,penarronda-barayo,2001,2,High,#N/A
5829,Spain,AIESP56,canal de menorca,,3,High,#N/A
5850,Spain,AIESP575,cabo busto-luanco,,,,#N/A
5860,Spain,AIESP576,cabo busto-luanco,,,,#N/A
5870,Spain,AIESP579,playa de el espartal,,,,#N/A
5871,Spain,AIESP630,ría de ribadesella-ría de tinamayor,2003,2,High,#N/A
5879,Spain,AIESP633,yacimientos de icnitas,2004,2,High,#N/A
21612,Mexico,AIMEX214a,arrecifes de cozumel national park - low intensity use zone - eastern reef zone,2000,,,Mexico
5890,Spain,AIESP656,costa de garafía,,,,#N/A
5891,Spain,AIESP657,reserva marina isla de la palma,1996,3,High,#N/A
5893,Spain,AIESP659,franja marina de fuencaliente,1997,2,High,#N/A
5896,Spain,AIESP673,mar de las calmas,1996,2,High,#N/A
5900,Spain,AIESP675,reserva marina de la restinga - mar de las calmas,1996,4,High,#N/A
5902,Spain,AIESP679,frontera,,,,#N/A
5907,Spain,AIESP680,el hierro,,,,#N/A
5912,Spain,AIESP690,área marina de la isleta,,,,#N/A
5915,Spain,AIESP691,bahía del confital,,,,#N/A
5916,Spain,AIESP693,costa de sardina del norte,,,,#N/A
5918,Spain,AIESP694,bahía de gando,,,,#N/A
5919,Spain,AIESP697,playa del cabrón,1997,2,High,#N/A
5921,Spain,AIESP702,franja marina de mogán,,,,#N/A
5928,Spain,AIESP703,sebadales de güigüí,,,,#N/A
5929,Spain,AIESP704,sebadales de playa del inglés,,,,#N/A
5931,Spain,AIESP71,àrea marina del nord de menorca,,,,#N/A
5934,Spain,AIESP716,costa de los órganos,,,,#N/A
5937,Spain,AIESP717,franja marina santiago - valle gran rey,1997,2,High,#N/A
21609,Mexico,AIMEX213a,arrecifes de cozumel national park - low intensity use zone - eastern talud insular,2000,,,Mexico
5942,Spain,AIESP73,àrea marina del sud de ciutadella,,,,#N/A
5945,Spain,AIESP735,franja marina teno - rasca,2011,2,High,#N/A
5953,Spain,AIESP736,costa de san juan de la rambla,,,,#N/A
5956,Spain,AIESP74,àrea marina punta prima - illa de l'aire,,,,#N/A
5960,Spain,AIESP742,sebadales del sur de tenerife,1998,2,High,#N/A
5963,Spain,AIESP75,arenal de son saura,,,,#N/A
5964,Spain,AIESP76,cala d'algairens,,,,#N/A
5966,Spain,AIESP764,sebadal de san andrés,1998,2,High,#N/A
5969,Spain,AIESP765,sebadales de antequera,,,,#N/A
5970,Spain,AIESP77,cala en brut,,,,#N/A
5971,Spain,AIESP775,playas de sotavento de jandía,1997,2,High,#N/A
5979,Spain,AIESP779,sebadales de corralejo,,,,#N/A
5981,Spain,AIESP78,caleta de binillautí,,,,#N/A
5983,Spain,AIESP79,cap negre,,,,#N/A
5984,Spain,AIESP794,cagafrecho,1998,2,High,#N/A
5985,Spain,AIESP795,sebadales de guasimeta,,,,#N/A
5987,Spain,AIESP808,sebadales de la graciosa,,2,High,#N/A
21611,Mexico,AIMEX214,arrecifes de cozumel national park - low intensity use zone - western reef zone,2000,,,Mexico
5992,Spain,AIESP84,de cala llucalari a cales coves,,,,#N/A
21608,Mexico,AIMEX213,arrecifes de cozumel national park - low intensity use zone - western talud insular,2000,,,Mexico
5996,Spain,AIESP91,la vall,,,,#N/A
5998,Spain,AIESP92,punta redona - arenal d'en castell,,,,#N/A
6000,Estonia,AIEST3a,kura kurgu limited conservation area and vestükimaa conservation area kaitsekord,,,,#N/A
21599,Mexico,AIMEX210e,arrecifes de cozumel national park - restricted use zone - federal maritime land zone and adjacent marine area,2000,,,Mexico
6053,Estonia,AIEST3d,vesitükimaa nature area,,,,#N/A
21614,Mexico,AIMEX215,arrecifes de cozumel national park - restricted use zone - reef zone,2000,,,Mexico
21617,Mexico,AIMEX216,arrecifes de cozumel national park - restricted use zone - talud insular,2000,,,Mexico
6066,Estonia,AIEST93,kerju,,,,#N/A
6068,Finland,AIFIN102,herröskatan / herrös kronoholm (naturskyddsområde),,,,#N/A
6070,Finland,AIFIN103,hiastinlahden luonnonsuojelualue,,,,#N/A
6071,Finland,AIFIN106,högholmen-henriksbergin luonnonsuojelualue,,,,#N/A
6072,Finland,AIFIN118,kempeleenlahden luonnonsuojelualue,,,,#N/A
21596,Mexico,AIMEX210c,arrecifes de cozumel national park - western low intensity use zone - federal maritime land zone and adjacent marine area.arrecifes de cozumel national park - western low intensity use zone - federal maritime land zone and adjacent marine area.,2000,,,Mexico
6079,Finland,AIFIN122,kirkon-vilkkilänturan luonnonsuojelualue,,,,#N/A
6081,Finland,AIFIN124,kivikarit-varestuksen luonnonsuojelualue,,,,#N/A
4710,Costa Rica,AICRI14,la amistad caribbean conservation area - cahuita national park: public use zone,,,,Costa Rica
4809,Costa Rica,AICRI76,osa conservation area - marino ballena national park - marine high intervention zone,,,,Costa Rica
6104,Finland,AIFIN143,kokkolan saaristo ja harrinniemi,,,,#N/A
6109,Finland,AIFIN145,kolasandin luonnonsuojelualue,,,,#N/A
21564,Mexico,AIMEX189,arrecifes de xcalak,2000,,,Mexico
21583,Mexico,AIMEX193,arrecifes de xcalak - bacalar chico protection zone,2000,,,Mexico
6121,Finland,AIFIN150,kuggenin luonnonsuojelualue,,,,#N/A
6122,Finland,AIFIN155,"kuuminaistenniemi, kuuminainen ii",,,,#N/A
6124,Finland,AIFIN156,kuusistonlahden luonnonsuojelualue,,,,#N/A
21581,Mexico,AIMEX192,arrecifes de xcalak - canal de saragoza restricted use area,2000,,,Mexico
6132,Finland,AIFIN160,länsmansgrund,,,,#N/A
6133,Finland,AIFIN166,leksvallin luonnonsuojelualue,,,,#N/A
6134,Finland,AIFIN169,letonniemen luonnonsuojelualue iii,,,,#N/A
21580,Mexico,AIMEX191,arrecifes de xcalak - public use,2000,,,Mexico
6141,Finland,AIFIN172,lill-skälön luonnonsuojelualue,,,,#N/A
6142,Finland,AIFIN173,lillnäsberget - tingö,,,,#N/A
21577,Mexico,AIMEX190,arrecifes de xcalak - punta xcayal ensenada xahuachol restricted use area,2000,,,Mexico
6148,Finland,AIFIN185,lindövikenin luonnonsuojelualue,,,,#N/A
6150,Finland,AIFIN186,louhisaaren kartano,,,,#N/A
21575,Mexico,AIMEX189c,arrecifes de xcalak - special use subarea,2000,,,Mexico
6155,Finland,AIFIN195,matalaharan luonnonsuojelualue,,,,#N/A
21570,Mexico,AIMEX189b,arrecifes de xcalak - sustainable use of marine natural resources subarea,2000,,,Mexico
6159,Finland,AIFIN203,mössön-saaren luonnonsuojelualue,,,,#N/A
6160,Finland,AIFIN205,myssholmen luonnonsuojelualue,,,,#N/A
4802,Costa Rica,AICRI74,osa conservation area - marino ballena national park - marine low intervention zone,,,,Costa Rica
6166,Finland,AIFIN210,nåtö - jungfruskär,,,,#N/A
6168,Finland,AIFIN213,nordarkipelagen,,,,#N/A
6169,Finland,AIFIN216,nothamnin luonnonsuojelualue,,,,#N/A
6171,Finland,AIFIN217,nuottakarin luonnonsuojelualue,,,,#N/A
4805,Costa Rica,AICRI75,osa conservation area - marino ballena national park - marine medium intervention zone,,,,Costa Rica
6203,Finland,AIFIN221,örnvik nature reserve,,,,#N/A
6204,Finland,AIFIN222,östersundomin lintuvedet,,,,#N/A
6206,Finland,AIFIN223,östra långskär-sandskär (naturskyddsområde),,,,#N/A
6208,Finland,AIFIN226,oukkulanlahti,,,,#N/A
4821,Costa Rica,AICRI85,tempisque conservation area - marino las baulas de guanacaste national park - high intervention,,,,Costa Rica
6219,Finland,AIFIN236,pernajanlahden vesialue (luonnonsuojelualue),,,,#N/A
4818,Costa Rica,AICRI82,tempisque conservation area - marino las baulas de guanacaste national park - low intervention zone,,,,Costa Rica
6231,Finland,AIFIN246,prästviken (luonnonsuojelualue),,,,#N/A
6232,Finland,AIFIN247,preiviikinlahden perä,,,,#N/A
6233,Finland,AIFIN248,"preiviikinlahti, eteläranta",,,,#N/A
4820,Costa Rica,AICRI84,tempisque conservation area - marino las baulas de guanacaste national park - medium intervention zone (marine sector),,,,Costa Rica
6236,Finland,AIFIN250,"preiviikinlahti, juhola",,,,#N/A
6238,Finland,AIFIN253,"preiviikinlahti, mäkelä",,,,#N/A
6240,Finland,AIFIN256,"preiviikinlahti, rantamaa",,,,#N/A
6241,Finland,AIFIN257,"preiviikinlahti, rantamaa i",,,,#N/A
6242,Finland,AIFIN258,"preiviikinlahti, reisikari",,,,#N/A
4812,Costa Rica,AICRI80,tempisque conservation area - marino las baulas de guanacaste national park - minimal intervention zone (land sector),,,,Costa Rica
6245,Finland,AIFIN261,"preiviikinlahti, uusitalo",,,,#N/A
6247,Finland,AIFIN262,"preiviikinlahti, vainio-mattila",,,,#N/A
6249,Finland,AIFIN264,"preiviikinlahti, kotiniitty",,,,#N/A
6251,Finland,AIFIN267,raahen saariston luonnonsuojelualue,,,,#N/A
6255,Finland,AIFIN268,rådkilan luonnonsuojelualue,,,,#N/A
4814,Costa Rica,AICRI81,tempisque conservation area - marino las baulas de guanacaste national park - minimal intervention zone (marine sector),,,,Costa Rica
6267,Finland,AIFIN271,ramsholmenin lehdot (luonnonsuojelualue),,,,#N/A
6268,Finland,AIFIN276,rödbergsvikenin luonnonsuojelulaue,,,,#N/A
6269,Finland,AIFIN279,ruskiksen luonnonsuojelualue,,,,#N/A
4862,Cyprus,AICYP35,zenobia shipwreck,,,,Cyprus
6336,Finland,AIFIN281,saaristoympäristösäätiön luonnonsuojelualue,,,,#N/A
6338,Finland,AIFIN284,särkkäniemen luonnonsuojelualue,,,,#N/A
6340,Finland,AIFIN287,seksmiilarin luonnonsuojelualue,,,,#N/A
7044,Denmark,AIFRO3,mykines,2012,,,Denmark
6352,Finland,AIFIN291,siikajokisuun luonnonsuojelualue,,,,#N/A
6354,Finland,AIFIN297,skålklobbarna,,,,#N/A
7048,Denmark,AIFRO4,nólsoy,2012,,,Denmark
6382,Finland,AIFIN305,stadsfjärdenin luonnonsuojelualue,,,,#N/A
6384,Finland,AIFIN306,stensbölefjärdenin luonnonsuojelualue,,,,#N/A
6386,Finland,AIFIN307,stor-pellinge yttre hällar naturskyddsområde,,,,#N/A
7050,Denmark,AIFRO5,skuvoy,2012,,,Denmark
6390,Finland,AIFIN310,stora lökskärs naturskyddsområde,,,,#N/A
6391,Finland,AIFIN312,strömsön luonnonsuojelualue,,,,#N/A
6394,Finland,AIFIN316,suviranta,,,,#N/A
6396,Finland,AIFIN317,svartnö - kaja,,,,#N/A
5227,Ecuador,AIECU141,isla santa clara,2016,,,Ecuador
6403,Finland,AIFIN322,tiirakarin luonnonsuojelualue,,,,#N/A
6404,Finland,AIFIN323,timmerö-langerön luonnonsuojelualue,,,,#N/A
6406,Finland,AIFIN325,tjusterbyn luonnonsuojelualue,,,,#N/A
6408,Finland,AIFIN327,torgrundin saaristo (common water area),,,,#N/A
5467,Ecuador,AIECU23,manglares estuario del rio muisne,2017,,,Ecuador
6440,Finland,AIFIN332,tulliniemen luonnonsuojelualue,,,,#N/A
6444,Finland,AIFIN334,tvärminnen tutkimusaseman luonnonsuojelualue,,,,#N/A
5486,Ecuador,AIECU37,pacoche - zona de conservación activa en el ámbito marino,2014,,,Ecuador
24224,El Salvador,AISLV4b,los cobanos complex protected natural area - extensive use zone,2007,,,El Salvador
24222,El Salvador,AISLV4a,los cobanos complex protected natural area - primitive marine zone,2007,,,El Salvador
6462,Finland,AIFIN355,yyterin santojen luonnonsuojelualue,,,,#N/A
6056,Estonia,AIEST4a,luitemaa,2007,,,Estonia
6060,Estonia,AIEST4b,tõstamaa,2007,,,Estonia
6051,Estonia,AIEST3b,vesitükimaa islets,2007,,,Estonia
6493,Finland,AIFIN374,bölsviken-stormossen,,,,#N/A
6494,Finland,AIFIN375,gloviken,,,,#N/A
6495,Finland,AIFIN376,husöfjärden,,,,#N/A
6496,Finland,AIFIN377,idskär - mellanskär - skatan,,,,#N/A
6497,Finland,AIFIN379,"kallahden harju-, niitty- ja vesialueet",,,,#N/A
6498,Finland,AIFIN38,archipelago national park,,,,#N/A
6569,Finland,AIFIN380,källaudden-virstholmen,,,,#N/A
6571,Finland,AIFIN381,karlbybådar,,,,#N/A
6572,Finland,AIFIN382,kasalanjokisuu,,,,#N/A
6576,Finland,AIFIN383,katanpää,,,,#N/A
6577,Finland,AIFIN384,kiiminkijoen suisto,,,,#N/A
6580,Finland,AIFIN385,koukkusaari,,,,#N/A
6581,Finland,AIFIN386,kuuminaistenniemi,,,,#N/A
6584,Finland,AIFIN387,laitakari-häyrysenniemi-purjekari,,,,#N/A
6586,Finland,AIFIN388,lenholm,,,,#N/A
6588,Finland,AIFIN39,bothnian sea national park,,,,#N/A
6652,Finland,AIFIN393,ölmos-purunpää,,,,#N/A
6656,Finland,AIFIN395,oulujoen suisto,,,,#N/A
6657,Finland,AIFIN396,pakinaisten saaristo,,,,#N/A
6662,Finland,AIFIN397,paraisten harjusaaret,,,,#N/A
6664,Finland,AIFIN398,rannö,,,,#N/A
6666,Finland,AIFIN4,snipansgrundin-medelkallan hylkeidensuojelualue,,,,#N/A
6671,Finland,AIFIN40,ekenäs archipelago national park,,,,#N/A
6677,Finland,AIFIN400,röyttä,,,,#N/A
6679,Finland,AIFIN401,sänkorna,,,,#N/A
6680,Finland,AIFIN402,svinberget-lagerholmen,,,,#N/A
6681,Finland,AIFIN404,uudenkaupungin saarnimetsät,,,,#N/A
6682,Finland,AIFIN405,vahterpään fladat,,,,#N/A
6683,Finland,AIFIN406,vaisakko,,,,#N/A
6684,Finland,AIFIN407,västra espholm,,,,#N/A
6685,Finland,AIFIN408,vattajanniemi,,,,#N/A
6689,Finland,AIFIN409,vikarskären,,,,#N/A
6694,Finland,AIFIN41,bothnian bay national park,,,,#N/A
6706,Finland,AIFIN410,vilkkilä,,,,#N/A
6707,Finland,AIFIN411,ytterstberg,,,,#N/A
6818,Finland,AIFIN44,akionlahti,1998,,,Finland
6961,Finland,AIFIN54,björkörs naturskyddsområde,,,,Finland
6117,Finland,AIFIN15,boxö,,,,Finland
6708,Finland,AIFIN412,gummandooran saaristo,,,,Finland
6712,Finland,AIFIN413,"hailuoto, pohjoisranta/ hailuoto northshore",,,,Finland
6732,Finland,AIFIN42,ahlglon luonnonsuojelualue,,,,#N/A
6126,Finland,AIFIN16,hangon itäinen selkä,,,,Finland
6721,Finland,AIFIN415,inkoon saaristo,,,,Finland
6491,Finland,AIFIN37,isomatala-maasyvänlahti,,,,Finland
6172,Finland,AIFIN22,itäisen suomenlahden saaristo ja vedet,,,,Finland
6726,Finland,AIFIN416,kalajoen suisto,,,,Finland
6209,Finland,AIFIN23,kirkkonummen saaristo,,,,Finland
6729,Finland,AIFIN418,kirkkosalmi,,,,Finland
6734,Finland,AIFIN420,kokkolan saaristo (spa),,,,Finland
6742,Finland,AIFIN421,kolkanaukko,,,,Finland
6221,Finland,AIFIN24,kristiinankaupungin saaristo,,,,Finland
6464,Finland,AIFIN356,krunnien luonnonsuojelualue,,,,Finland
6110,Finland,AIFIN149,krunnien luonnonsuojelualue (ysa),,,,Finland
6744,Finland,AIFIN422,kulju,,,,Finland
6810,Finland,AIFIN438,preiviikinlahti (spa),,,,#N/A
6136,Finland,AIFIN17,länsileton alue,,,,Finland
25235,USA,NWR155b,billy frank jr. nisqually national wildlife refuge - research natural area,1974,,,United States
6234,Finland,AIFIN25,lågskär,,,,Finland
6243,Finland,AIFIN26,långör - östra sundskär,,,,Finland
6746,Finland,AIFIN423,langstet,,,,Finland
6830,Finland,AIFIN443,saaristomeri,,,,#N/A
6073,Finland,AIFIN12,liminka bay,,,,Finland
6748,Finland,AIFIN425,lohm-kulm-ängö,,,,Finland
6144,Finland,AIFIN18,luodematalat,,,,Finland
6256,Finland,AIFIN27,luodon saaristo,,,,Finland
6905,Finland,AIFIN457,ahvenkoskenlahti,,,,#N/A
6906,Finland,AIFIN458,båtskären (nyhamn),,,,#N/A
6907,Finland,AIFIN459,klåvskär,,,,#N/A
6912,Finland,AIFIN46,äskörenin saaren luonnonsuojelualue,,,,#N/A
6913,Finland,AIFIN460,kuusistonlahti,,,,#N/A
6916,Finland,AIFIN461,läggningsbådan,,,,#N/A
6917,Finland,AIFIN462,lautvesi,,,,#N/A
6918,Finland,AIFIN464,salminlahti,,,,#N/A
6920,Finland,AIFIN465,santaniemenselkä-tyyslahti,,,,#N/A
6922,Finland,AIFIN466,seksmiilarin saaristo,,,,#N/A
6933,Finland,AIFIN468,viurilanlahti,,,,#N/A
6934,Finland,AIFIN470,"bisaballen, grillskär ja södeskär nimiset luodot",,,,#N/A
6936,Finland,AIFIN471,högön luonnonsuojelualue,,,,#N/A
6938,Finland,AIFIN474,krampin luonnonsuojelualue,,,,#N/A
6942,Finland,AIFIN476,laajalahden luonnonsuojelualue,,,,#N/A
6944,Finland,AIFIN477,langstetin luonnonsuojelualue,,,,#N/A
6946,Finland,AIFIN478,mietoistenlahden luonnonsuojelualue,,,,#N/A
6947,Finland,AIFIN479,porkkalan saariston luonnonsuojelualue,,,,#N/A
6949,Finland,AIFIN480,sandvikin luonnonsuojelualue,,,,#N/A
6950,Finland,AIFIN481,seilin saariston luonnonsuojelulalue,,,,#N/A
6954,Finland,AIFIN483,tvärminnen luonnonsuojelualue (osa),,,,#N/A
6955,Finland,AIFIN484,vaisakon luonnonsuojelualue,,,,#N/A
6752,Finland,AIFIN428,luvian saaristo,,,,Finland
6958,Finland,AIFIN49,balget,,,,#N/A
6959,Finland,AIFIN5,södra sandbäckin-sandbäckin hylkeidensuojelualue,,,,#N/A
6960,Finland,AIFIN50,båtvikenin saaret (luonnonsuojelualue),,,,#N/A
6757,Finland,AIFIN429,medvastö-stormossen,,,,Finland
6967,Finland,AIFIN57,blåskären-salungarna-stora bredgrundet (naturskyddsomr),,,,#N/A
6970,Finland,AIFIN58,bölsviken-bredviken naturskyddsområde-luonnonsuojelualue,,,,#N/A
6971,Finland,AIFIN59,busön luonnonsuojelualue,,,,#N/A
6973,Finland,AIFIN6,grimsörarnan hylkeidensuojelualue,,,,#N/A
6977,Finland,AIFIN62,dragsvikgård-storholmenin luonnonsuojelualue,,,,#N/A
6979,Finland,AIFIN64,enbusken-rönnbusken (luonnonsuojelualue),,,,#N/A
6980,Finland,AIFIN65,ettergaddens naturskyddsområde,,,,#N/A
6982,Finland,AIFIN7,mastbådanin hylkeidensuojelualue,,,,#N/A
6984,Finland,AIFIN74,galjonsgrundin luonnonsuojelualue,,,,#N/A
6986,Finland,AIFIN75,gästansin luonnnonsuojelualue,,,,#N/A
6988,Finland,AIFIN78,granös naturskyddsområde,,,,#N/A
6992,Finland,AIFIN8,sandkallanin-stora kölhällenin hylkeidensuojelualue,,,,#N/A
6998,Finland,AIFIN89,"halkkoaukko, leppäkari",,,,#N/A
6999,Finland,AIFIN9,kallbådanin hylkeidensuojelualue,,,,#N/A
7001,Finland,AIFIN90,halkkoaukon ja maa-kolkan luonnonsuojelualue,,,,#N/A
7002,Finland,AIFIN91,halkkoaukon luonnonsuojelualue,,,,#N/A
7003,Finland,AIFIN93,hamnholmenin luonnonsuojelualue,,,,#N/A
7005,Finland,AIFIN98,hästö-gyltön luonnonsuojelualue,,,,#N/A
7007,USA,AIFL79,tidal flat south of marvin key,,,,#N/A
7008,France,AIFRA294,ilot de rion,,,,#N/A
7009,France,AIFRA295,cordon de galets de la mollière,,,,#N/A
7011,France,AIFRA296,"ile aux moutons, îlots enez ar razed et penneg ern",,,,#N/A
6270,Finland,AIFIN28,merenkurkun saaristo,,,,Finland
6151,Finland,AIFIN19,merikalla,,,,Finland
6761,Finland,AIFIN430,mustavuoren lehto ja östersundomin lintuvedet,,,,Finland
6343,Finland,AIFIN29,närpiön saaristo,,,,Finland
6763,Finland,AIFIN431,ojakylänlahti ja kengänkari,,,,Finland
7019,French Antilles,AIFRCAR150,rocher du diamant,,,,#N/A
7020,French Antilles,AIFRCAR151,diamond rock,,,,#N/A
7021,French Antilles,AIFRCAR155,ramiers islet,,,,#N/A
7022,French Antilles,AIFRCAR156,ramiers islet,,,,#N/A
7023,French Antilles,AIFRCAR157,rocher de la caravelle,,,,#N/A
7024,French Antilles,AIFRCAR158,ilet la grotte,,,,#N/A
7025,French Antilles,AIFRCAR159,ilet petite martinique,,,,#N/A
7026,French Antilles,AIFRCAR160,ilet chancel,,,,#N/A
7027,French Antilles,AIFRCAR162,ilet madame,,,,#N/A
7028,French Antilles,AIFRCAR163,ilet boisseau,,,,#N/A
7029,French Antilles,AIFRCAR164,ilet long,,,,#N/A
7030,French Antilles,AIFRCAR165,ilet lavigne,,,,#N/A
7031,French Antilles,AIFRCAR166,oscar islet,,,,#N/A
7032,French Antilles,AIFRCAR167,ilet fregate,,,,#N/A
7033,French Antilles,AIFRCAR168,thierry islet,,,,#N/A
7034,French Antilles,AIFRCAR170,ilet sainte-marie,,,,#N/A
7035,French Antilles,AIFRCAR21,pinel islet,,,,#N/A
7036,French Antilles,AIFRCAR36,petite terre islets,,,,#N/A
7037,French Antilles,AIFRCAR37,ilets de petite terre,,,,#N/A
7038,French Antilles,AIFRCAR45,terre-de-haut,,,,#N/A
7040,French Antilles,AIFRCAR46,ilet a cabrits,,,,#N/A
7042,French Antilles,AIFRCAR84,kaouanne islet,,,,#N/A
7043,French Antilles,AIFRCAR86,ilots de sainte rose,,,,#N/A
6765,Finland,AIFIN432,olkijokisuu-pattijoen pohjoishaara,,,,Finland
6156,Finland,AIFIN20,ouran saaristo,,,,Finland
6766,Finland,AIFIN433,pajukari-uksei-alkunkarinlahti,,,,Finland
7052,Gabon,AIGAB10,cap lopez marine park - buffer zone,,,,#N/A
7054,Gabon,AIGAB11,cap lopez canyons aquatic reserve,,,,#N/A
7059,Gabon,AIGAB12,ogooue delta aquatic reserve,,,,#N/A
7069,Gabon,AIGAB13,mandji-etimboue aquatic reserve,,,,#N/A
7105,Gabon,AIGAB14,embouchure d'ozouri marine park,,,,#N/A
7109,Gabon,AIGAB15,embouchure d'ozouri marine park - buffer zone,,,,#N/A
7118,Gabon,AIGAB16,embouchure d'olende marine park,,,,#N/A
7123,Gabon,AIGAB17,embouchure d'olende marine park - buffer zone,,,,#N/A
7131,Gabon,AIGAB18,koumandji aquatic reserve,,,,#N/A
7164,Gabon,AIGAB19,tchatamba aquatic reserve,,,,#N/A
7169,Gabon,AIGAB20,embouchure d'iguela marine park,,,,#N/A
7175,Gabon,AIGAB21,embouchure d'iguela marine park - buffer zone,,,,#N/A
7185,Gabon,AIGAB22,embouchure sette cama marine park,,,,#N/A
7192,Gabon,AIGAB23,embouchure sette cama marine park - buffer zone,,,,#N/A
7202,Gabon,AIGAB24,gamba aquatic reserve,,,,#N/A
7205,Gabon,AIGAB25,olowi aquatic reserve,,,,#N/A
7211,Gabon,AIGAB26,embouchure de la nyanga marine park,,,,#N/A
7215,Gabon,AIGAB27,embouchure de la nyanga marine park - buffer zone,,,,#N/A
7221,Gabon,AIGAB28,embouchure de la banio marine park,,,,#N/A
7223,Gabon,AIGAB29,embouchure de la banio marine park - buffer zone,,,,#N/A
7229,Gabon,AIGAB3,mbanie island marine park,,,,#N/A
7235,Gabon,AIGAB30,grand sud du gabon aquatic reserve,,,,#N/A
7250,Gabon,AIGAB4,mbanie island marine park - buffer zone,,,,#N/A
7262,Gabon,AIGAB5,cap esterias aquatic reserve,,,,#N/A
7266,Gabon,AIGAB7,pointe denis marine park,,,,#N/A
7277,Gabon,AIGAB8,pointe denis marine park - buffer zone,,,,#N/A
7298,Gabon,AIGAB9,cap lopez marine park,,,,#N/A
7300,United Kingdom,AIGBR2243,south dorset marine conservation zone,,,,#N/A
7305,Grenada,AIGD3,moliniere-beausejour marine protected area,,,,#N/A
7306,Grenada,AIGD4,woburn clarkes court bay marine protected area,,,,#N/A
7308,Grenada,AIGD9,sandy island-oyster bed marine protected area,,,,#N/A
6767,Finland,AIFIN435,perämeren saaret,,,,Finland
6355,Finland,AIFIN30,pernajanlahtien ja pernajan saariston merensuojelualue,,,,Finland
6803,Finland,AIFIN436,pooskerin saaristo,,,,Finland
6388,Finland,AIFIN31,porvoonjoen suisto-stensböle,,,,Finland
6814,Finland,AIFIN439,raahen saaristo,,,,Finland
7329,Gibraltar,AIGIB10,eastside marine conservation zone - no-take area,2015,,,#N/A
7330,Gibraltar,AIGIB7,rosia marine conservation zone - no-take area,2015,,,#N/A
7331,Greece,AIGRC101,"delta acheloou, limnothalassa mesolongiou - aitolikou kai ekvoles evinou, nisoi echinades, nisos petalas, dytikos arakynthos kai stena kleisouras",,,,#N/A
7348,Greece,AIGRC102,"delta acheloou, limnothalassa mesolongiou - aitolikou, ekvoles evinou, nisoi echinades, nisos petalas",,,,#N/A
7365,Greece,AIGRC137,agios efstratios kai paraktia thalassia zoni,,,,#N/A
7369,Greece,AIGRC138,nisos agios efstratios kai thalassia zoni,,,,#N/A
7373,Greece,AIGRC140,anatoliki kea,,,,#N/A
7377,Greece,AIGRC147,akrotirio pyrgos - ormos kypsas - malamo,,,,#N/A
6397,Finland,AIFIN32,rahjan saaristo,,,,Finland
7382,Greece,AIGRC151,anafi: chersonisos kalamos - roukounas,,,,#N/A
7384,Greece,AIGRC152,"anatoliko tmima astypalaias kai nisides kounoupoi, fteno, chondropoulo, koutsomytis, moni, agia kyriaki, tigani, chondri, ligno, fokionisia, katsagreli, pontikoussa, ofidoussa, ktenia",,,,#N/A
7391,Greece,AIGRC154,"astypalaia: anatoliko tmima, gyro nisides kai ofidoussa kai thalassia zoni (akr. lantra - akr. vrysi)",,,,#N/A
7397,Greece,AIGRC156,"anatoliko tmima nisou symis kai nisides kouloundros, seskli, troumpeto, marmaras, karavalonisi, megalonisi, gialesino, oxeia, chondros, platy, nimos",,,,#N/A
7401,Greece,AIGRC158,"andros: kentriko kai notio tmima, gyro nisides kai paraktia thalassia zoni",,,,#N/A
7412,Greece,AIGRC162,thalassia zoni androu,,,,#N/A
7424,Greece,AIGRC164,antikythira - prasonisi kai lagouvardos,,,,#N/A
7428,Greece,AIGRC165,"nisos antikythira kai nisides prasonisi, lagouvardos, plakoulithra kai nisides thymonies",,,,#N/A
7431,Greece,AIGRC168,"dytiki milos, antimilos, polyaigos kai nisides",,,,#N/A
7439,Greece,AIGRC169,nisos antimilos - thalassia paraktia zoni,,,,#N/A
7441,Greece,AIGRC172,"arkoi, leipsoi, agathonisi kai vrachonisides",,,,#N/A
7454,Greece,AIGRC173,asfendou - kallikratis kai paraktia zoni,,,,#N/A
7458,Greece,AIGRC175,asterousia (kofinas),,,,#N/A
6821,Finland,AIFIN440,rauvolanlahti,,,,Finland
7463,Greece,AIGRC187,thalassia zoni anatolika kai notia chersonisou athona,,,,#N/A
7471,Greece,AIGRC188,thalassia zoni chersonisou athona,,,,#N/A
7482,Greece,AIGRC189,"chersonisos gramvoussas kai nisides imeri kai agria gramvoussa, pontikonisi",,,,#N/A
7487,Greece,AIGRC190,chersonisos rodopou - paralia maleme,,,,#N/A
7491,Greece,AIGRC197,delta pineiou,,,,#N/A
7494,Greece,AIGRC199,thalassia periochi diapontion nison,,,,#N/A
7503,Greece,AIGRC200,"diapontia nisia (othonoi, ereikousa, mathraki kai vrachonisides)",,,,#N/A
6824,Finland,AIFIN441,rummelön-harrbådan,,,,Finland
7511,Greece,AIGRC203,dytikes aktes kefalonias - steno kefalonias ithakis - voreia ithaki (akrotiria gero gkompos - drakou pidima - kentri - ag. ioannis),,,,#N/A
6826,Finland,AIFIN442,säärenperä ja karinkannanmatala,,,,Finland
7527,Greece,AIGRC205,"rodos: akramytis, armenistis, attavyros, remata kai thalassia zoni (karavola-ormos glyfada)",,,,#N/A
7534,Greece,AIGRC206,"dytiki rodos: ori attavyros & akramytis, techniti limni apolakkias kai nisides georgiou, strongyli, chtenies & karavolas",,,,#N/A
7539,Greece,AIGRC208,ekvoles evrota,,,,#N/A
6095,Finland,AIFIN14,söderskärin ja långörenin saaristo,,,,Finland
7546,Greece,AIGRC213,koilada kai ekvoles spercheiou - maliakos kolpos,,,,#N/A
7552,Greece,AIGRC214,kato rous kai ekvoles spercheiou potamou,,,,#N/A
7555,Greece,AIGRC216,ekvoli geropotamou mesaras,,,,#N/A
7556,Greece,AIGRC218,ygrotopoi neas fokaias,,,,#N/A
7558,Greece,AIGRC221,"esoteriko archipelagos ioniou (meganisi, arkoudi, atokos, vromonas)",,,,#N/A
7574,Greece,AIGRC223,stena rentinas - evryteri periochi,,,,#N/A
7576,Greece,AIGRC227,lefka ori kai paraktia zoni,,,,#N/A
7582,Greece,AIGRC228,ethnikos drymos samarias - farangi trypitis - psilafi - koustogerako,,,,#N/A
7584,Greece,AIGRC232,samothraki: oros fengari kai paraktia zoni,,,,#N/A
7593,Greece,AIGRC233,"fengari samothrakis, anatolikes aktes, vrachonissida zourafa kai thalassia zoni",,,,#N/A
7599,Greece,AIGRC236,"voreioanatoliko akro kritis: dionysades, elasa kai chersonisos sidero (akra mavro mouri - vai - akra plakas) kai thalassia zoni",,,,#N/A
7607,Greece,AIGRC237,dionysades nisoi,,,,#N/A
7611,Greece,AIGRC238,voreioanatoliko akro kritis,,,,#N/A
6956,Finland,AIFIN486,södra stadsfjärden-söderfjärden-öjen,,,,Finland
7623,Greece,AIGRC245,ikaria - fournoi kai paraktia zoni,,,,#N/A
7635,Greece,AIGRC246,nisos ikaria (notiodytiko tmima),,,,#N/A
7639,Greece,AIGRC247,"nisos fournoi kai nisides thymaina, alatsonisi, thymainaki, strongylo, plaka, makronisi, mikros kai megalos anthropofagos, agios minas",,,,#N/A
7646,Greece,AIGRC248,"imeri kai agria gramvoussa - tigani kai falasarna - pontikonisi, ormos livadi - viglia",,,,#N/A
7652,Greece,AIGRC250,kentriki karpathos: kali limni - lastos - kyra panagia kai paraktia thalassia zoni,,,,#N/A
7657,Greece,AIGRC253,kanali makronisou,,,,#N/A
7661,Greece,AIGRC254,paraktia kai thalassia zoni makronisou,,,,#N/A
7664,Greece,AIGRC256,karla - mavrovouni - kefalovryso velestinou - neochori,,,,#N/A
7669,Greece,AIGRC258,kasos kai kasonisia - evryteri thalassia periochi,,,,#N/A
7674,Greece,AIGRC259,nisos kasos kai symplegma kasonision,,,,#N/A
7679,Greece,AIGRC263,kastellorizo kai nisides ro kai strongyli kai paraktia thalassia zoni,,,,#N/A
7682,Greece,AIGRC267,"kefalonia: ainos, agia dynati kai kalon oros",,,,#N/A
7691,Greece,AIGRC268,notia serifos,,,,#N/A
7693,Greece,AIGRC269,"serifos: paraktia zoni kai nisides serifopoula, piperi kai vous",,,,#N/A
7699,Greece,AIGRC27,"amvrakikos kolpos, delta lourou kai arachthou (petra, mytikas, evryteri periochi)",,,,#N/A
7713,Greece,AIGRC271,kentriki kai notia naxos: zas kai vigla eos mavrovouni kai thalassia zoni (ormos karades - ormos moutsounas),,,,#N/A
7718,Greece,AIGRC272,"naxos: ori anathematistra, koronos, mavrovouni, zas, viglatouri",,,,#N/A
7723,Greece,AIGRC276,kolpos palaiou - ormos eleftheron,,,,#N/A
6894,Finland,AIFIN445,saltfjärdenin-tavastfjärdenin lintuvedet,,,,Finland
7745,Greece,AIGRC278,"thasos (oros ypsario kai paraktia zoni) kai nisides koinyra, xironisi",,,,#N/A
7755,Greece,AIGRC28,"amvrakikos kolpos, limnothalassa katafourko kai korakonisia",,,,#N/A
7766,Greece,AIGRC282,kos: akrotirio louros - limni psalidi - oros dikaios - alyki - paraktia thalassia zoni,,,,#N/A
7770,Greece,AIGRC283,kos: limni psalidi - alyki,,,,#N/A
7772,Greece,AIGRC288,skiathos: koukounaries kai evryteri thalassia periochi,,,,#N/A
7774,Greece,AIGRC291,"kythira kai gyro nisides: prasonisi, dragonera, antidragonera, avgo, kapello, koufo kai fidonisi",,,,#N/A
7783,Greece,AIGRC292,"nisides kythiron: prasonisi, dragonera, antidragonera",,,,#N/A
7785,Greece,AIGRC293,thalassia periochi kythiron,,,,#N/A
7797,Greece,AIGRC297,"lesvos: kolpos geras, eli ntipi kai charamida",,,,#N/A
7802,Greece,AIGRC298,"lesvos: kolpos geras, elos ntipi kai oros olympos",,,,#N/A
7808,Greece,AIGRC300,"nisides lesvou (symplegma tomaronision, kydonas, agios georgios, glaronisi, klp)",,,,#N/A
7813,Greece,AIGRC301,thalassia periochi nisidon tokmakia,,,,#N/A
7817,Greece,AIGRC303,voreia lesvos,,,,#N/A
7823,Greece,AIGRC305,lesvos: dytiki chersonisos - apolithomeno dasos,,,,#N/A
7831,Greece,AIGRC306,lesvos: kolpos kallonis kai chersaia paraktia zoni,,,,#N/A
7838,Greece,AIGRC307,lesvos: paraktioi ygrotopoi kolpou kallonis,,,,#N/A
7845,Greece,AIGRC308,"notiodytiki chersonisos, apolithomeno dasos lesvou",,,,#N/A
7853,Greece,AIGRC309,thalassia periochi dytikis lesvou,,,,#N/A
7860,Greece,AIGRC315,limni agias - platanias - rema kai ekvoli keriti - koilada fasa,,,,#N/A
7862,Greece,AIGRC316,drapano (voreioanatolikes aktes) - paralia georgioupolis - limni kourna,,,,#N/A
7865,Greece,AIGRC317,limni kourna kai ekvoli almyrou,,,,#N/A
7866,Greece,AIGRC319,"limnothalassa pylou (divari) kai nisos sfaktiria, agios dimitrios",,,,#N/A
7869,Greece,AIGRC321,thalassia periochi notias messinias,,,,#N/A
7881,Greece,AIGRC322,thalassia periochi stenou methonis,,,,#N/A
7884,Greece,AIGRC326,limnos: chortarolimni - limni alyki kai thalassia periochi,,,,#N/A
7893,Greece,AIGRC327,"limnos: limnes chortarolimni kai alyki, kolpos moudrou, elos diapori kai chersonisos fakos",,,,#N/A
7908,Greece,AIGRC328,"nisides kai vrachonisides limnou: nisos sergitsi kai nisides diavates, kompio, kastria, tigani, karkalas, prasonisi",,,,#N/A
6161,Finland,AIFIN21,sandkallanin eteläpuolinen merialue,,,,Finland
6896,Finland,AIFIN446,seilin saaristo,,,,Finland
7914,Greece,AIGRC335,limnothalassa epanomis,,,,#N/A
7916,Greece,AIGRC336,limnothalassa epanomis kai thalassia paraktia zoni,,,,#N/A
7918,Greece,AIGRC339,limnothalassa korission (kerkyra),,,,#N/A
7920,Greece,AIGRC340,limnothalassa korission (kerkyra) kai nisos lagoudia,,,,#N/A
7922,Greece,AIGRC341,limnothalassa moustou,,,,#N/A
6085,Finland,AIFIN13,signilskär - märket,,,,Finland
7926,Greece,AIGRC346,megalo kai mikro livari - delta xeria,,,,#N/A
7930,Greece,AIGRC347,megalo kai mikro livari - delta xeria - ydrochares dasos ag. nikolaou - paraktia thalassia zoni,,,,#N/A
7933,Greece,AIGRC349,"mikres kyklades: irakleia, schoinoussa, koufonisia, keros, antikeria kai thalassia zoni",,,,#N/A
7939,Greece,AIGRC350,"nisos irakleia, nisoi makares, mikros kai megalos avelas, nisida venetiko irakleias",,,,#N/A
7959,Greece,AIGRC351,"voreia amorgos kai kinaros, levitha, mavra, glaros kai thalassia zoni",,,,#N/A
7968,Greece,AIGRC356,"samos: oros kerketefs - mikro kai megalo seitani - dasos kastanias kai lekkas, akr. katavasis - limenas",,,,#N/A
7971,Greece,AIGRC357,samos: oros kerkis,,,,#N/A
7976,Greece,AIGRC360,nisida venetiko,,,,#N/A
7977,Greece,AIGRC363,voreia chios,,,,#N/A
7986,Greece,AIGRC364,voreia chios kai nisoi oinousses kai paraktia thalassia zoni,,,,#N/A
7997,Greece,AIGRC367,nisos chrysi,,,,#N/A
7999,Greece,AIGRC369,nisos koufonisi kai paraktia thalassia zoni,,,,#N/A
8000,Greece,AIGRC370,"nisos koufonisi, gyro nisides kai nisides kavalloi",,,,#N/A
8002,Greece,AIGRC372,"nisia antipsara kai nisides daskalio, mastrogiorgi, prasonisi, kato nisi, mesiako, koutsoulia",,,,#N/A
8006,Greece,AIGRC377,"nisides kalymnou: epano, nera, sari, telendos",,,,#N/A
8014,Greece,AIGRC379,"nisides karpathiou pelagous: megalo sofrano, sochas, mikro sofrano, avgo, divounia, chamili, astakidonisia",,,,#N/A
8020,Greece,AIGRC380,nisides lichades kai thalassia periochi,,,,#N/A
8021,Greece,AIGRC382,"nisides mykonou (rineia, chtapodia, tragonisi)",,,,#N/A
8028,Greece,AIGRC386,"nisides myrtoou pelagous: falkonera, velopoula, ananes",,,,#N/A
8032,Greece,AIGRC387,nisides parou kai notia antiparos,,,,#N/A
8043,Greece,AIGRC388,nisoi despotiko kai strongylo kai thalassia zoni,,,,#N/A
8045,Greece,AIGRC389,"nisides patmou: petrokaravo, anydros",,,,#N/A
8046,Greece,AIGRC392,nisides skyrou,,,,#N/A
6900,Finland,AIFIN447,siikajoen lintuvedet ja suot,,,,Finland
8062,Greece,AIGRC396,nisoi christiana,,,,#N/A
8063,Greece,AIGRC397,"vrachonisia notiou aigaiou: velopoula, falkonera, ananes, christiana, pacheia, fteno, makra, astakidonisia, syrna - gyro nisia kai thalassia zoni",,,,#N/A
8083,Greece,AIGRC398,nisoi gavdos kai gavdopoula,,,,#N/A
8088,Greece,AIGRC399,notiodytiki gavdos kai gavdopoula,,,,#N/A
8093,Greece,AIGRC4,"ethniko thalassio parko alonnisou - voreion sporadon, anatoliki skopelos",,,,#N/A
8113,Greece,AIGRC400,"nisoi kinaros kai levitha kai nisides liadia, plaka, glaros, mavra",,,,#N/A
8120,Greece,AIGRC401,nisoi paxoi kai antipaxoi,,,,#N/A
8140,Greece,AIGRC402,"nisos chalki kai nisides: kolofona, pano prasouda, tragousa, strongyli, agios theodoros, maelonisi, alimia, krevvati, nisaki",,,,#N/A
8147,Greece,AIGRC403,thalassia periochi dytikis kai notiodytikis kritis,,,,#N/A
8163,Greece,AIGRC404,paralia apo chrysoskalitissa mechri akrotirio krios,,,,#N/A
8165,Greece,AIGRC405,nisos elafonisos kai paraktia thalassia zoni,,,,#N/A
8166,Greece,AIGRC406,nisos milos: profitis ilias - evryteri periochi,,,,#N/A
8170,Greece,AIGRC407,paraktia zoni dytikis miloy,,,,#N/A
8174,Greece,AIGRC409,nisos nisyros kai nisides,,,,#N/A
8179,Greece,AIGRC410,notia nisyros kai strongyli kai paraktia thalassia zoni,,,,#N/A
8185,Greece,AIGRC411,"nisos syrna kai nisides megalos adelfos, mikros adelfos, katsikas, mesonisi, plakida, stefania, navagio",,,,#N/A
8191,Greece,AIGRC413,"nisos tilos kai nisides: antitilos, pelekousa, gaidouronisi, giakoumis, agios andreas, prasouda, nisi",,,,#N/A
8196,Greece,AIGRC415,thalassia zoni notias manis,,,,#N/A
8206,Greece,AIGRC416,"notio akro rodou, prasonisi, ygrotopos livadi kattavias",,,,#N/A
8210,Greece,AIGRC419,thalassia zoni anatolikis evvoias apo akra oktonia evvoias eos zarakes,,,,#N/A
8215,Greece,AIGRC421,"ori gidovouni, chionovouni, gaidourovouni, korakia, kalogerovouni, koulochera kai periochi monemvasias",,,,#N/A
8223,Greece,AIGRC422,"ori kentrikis evvoias, paraktia zoni kai nisides",,,,#N/A
8231,Greece,AIGRC424,ori zakrou,,,,#N/A
8234,Greece,AIGRC426,ormos potamias - akr. pyrgos eos n. gramvoussa,,,,#N/A
8235,Greece,AIGRC427,ormos sougias - vardia - farangi lissou mechri anydrous kai paraktia zoni,,,,#N/A
8237,Greece,AIGRC430,akrotirio elia - akrotirio kastro - ekvoli ragoula,,,,#N/A
8240,Greece,AIGRC433,oros itamos - sithonia,,,,#N/A
8249,Greece,AIGRC434,platanitsi - sykia: ákr. rigas - akr. adolo,,,,#N/A
8253,Greece,AIGRC435,oros kantili,,,,#N/A
8256,Greece,AIGRC438,oros ochi - kampos karystou - potami - akrotirio kafirefs - paraktia thalassia zoni,,,,#N/A
8264,Greece,AIGRC439,"oros ochi, paraktia zoni kai nisides",,,,#N/A
8271,Greece,AIGRC442,oros pilio kai paraktia thalassia zoni,,,,#N/A
8278,Greece,AIGRC444,oros thryptis kai gyro periochi,,,,#N/A
8282,Greece,AIGRC447,paliouri - akrotiri,,,,#N/A
8288,Greece,AIGRC448,"anatoliki rodos: profitis ilias - epta piges - ekvoli loutani - katergo, rema gadoura - chersonisos lindou - nisides pentanisa kai tetrapolis, lofos psalidi",,,,#N/A
8293,Greece,AIGRC452,tinos: myrsini - akrotirio livada,,,,#N/A
8295,Greece,AIGRC454,voreioanatoliki tinos kai nisides,,,,#N/A
8301,Greece,AIGRC455,anafi: anatoliko kai voreio tmima kai gyro nisides,,,,#N/A
8306,Greece,AIGRC456,paraktia kai thalassia zoni voreias anafis,,,,#N/A
8309,Greece,AIGRC457,paraktia thalassia zoni apo argostoli eos vlachata (kefalonia) kai ormos mounta,,,,#N/A
8315,Greece,AIGRC458,thalassia zoni apo argostoli eos ormo mounta,,,,#N/A
8323,Greece,AIGRC459,paraktia thalassia zoni apo kanoni eos mesongi (kerkyra),,,,#N/A
8326,Greece,AIGRC462,korinthiakos kolpos,,,,#N/A
8366,Greece,AIGRC473,nisos polyaigos - kimolos,,,,#N/A
8370,Greece,AIGRC475,"prassano farangi - patsos - sfakoryako rema - paralia rethymnou kai ekvoli geropotamou, akr. lianos kavos - perivolia",,,,#N/A
8374,Greece,AIGRC477,samos: paralia alyki,,,,#N/A
8376,Greece,AIGRC479,santorini: nea kai palia kameni - profitis ilias,,,,#N/A
8380,Greece,AIGRC480,sifnos: profitis ilias mechri dytikes aktes kai thalassia periochi,,,,#N/A
8382,Greece,AIGRC483,sounio - nisida patroklou kai paraktia thalassia zoni,,,,#N/A
8385,Greece,AIGRC485,syros: oros syringas eos paralia,,,,#N/A
8387,Greece,AIGRC486,voreia syros kai nisides,,,,#N/A
8393,Greece,AIGRC487,thalassia periochi kai yfaloi voreioanatolikis evvoias,,,,#N/A
8397,Greece,AIGRC488,thalassia periochi koloumvo,,,,#N/A
8399,Greece,AIGRC489,thalassia periochi kolpou kyparissias: akr. katakolo - kyparissia,,,,#N/A
8408,Greece,AIGRC49,evros delta,,,,#N/A
8413,Greece,AIGRC492,thalassia periochi notias patmou,,,,#N/A
8417,Greece,AIGRC493,thalassia periochi notiou evvoikou kolpou,,,,#N/A
8431,Greece,AIGRC494,thalassia periochi pafsania – ypothalassia ifaisteia methanon,,,,#N/A
8433,Greece,AIGRC495,thalassia periochi thrakis,,,,#N/A
8450,Greece,AIGRC500,voreiodytiki kythnos: oros atheras - akrotirio kefalos kai paraktia zoni,,,,#N/A
8452,Greece,AIGRC502,vrachonisides kalogeroi kai thalassia zoni,,,,#N/A
8453,Greece,AIGRC503,vravrona - paraktia thalassia zoni,,,,#N/A
8455,Greece,AIGRC508,"islands of aspronissos, argos, marangos, repi, tsoukria, tsoukriaki and maritime areas of skiathos and skopelos islands",,,,#N/A
8463,Greece,AIGRC509,northern dodecanese islands and marine area,,,,#N/A
8477,Greece,AIGRC510,saronic gulf islands and marine area,,,,#N/A
8486,Greece,AIGRC6,"nisia kyra panagia, piperi, psathoura kai gyro nisides agios georgios, nisoi adelfoi, lechousa, gaidouronisia",,,,#N/A
8501,Greece,AIGRC61,alyki kitrous - evryteri periochi,,,,#N/A
8502,Greece,AIGRC64,delta axiou - loudia - aliakmona - alyki kitrous,,,,#N/A
8512,Greece,AIGRC65,delta axiou - loudia - aliakmona - evryteri periochi - axioupoli,,,,#N/A
6416,Finland,AIFIN33,tammisaaren ja hangon saariston ja pohjanpitäjänlahden merensuojelualue,,,,Finland
6446,Finland,AIFIN34,tulliniemen linnustonsuojelualue,,,,Finland
6455,Finland,AIFIN35,uudenkaarlepyyn saaristo,,,,Finland
8550,Denmark,AIGRL3,melville bay,,,,#N/A
8747,Denmark,AIGRL4,nationalparken i nord- og østgrønland,,,,#N/A
18871,Denmark,AIGRL6,kitsissunnguit/grønne ejland,,,,#N/A
18876,Denmark,AIGRL7,akilia,,,,#N/A
18877,Denmark,AIGRL8,ivittuut and kangilinnguit,,,,#N/A
18893,Denmark,AIGRL9,uunartoq,,,,#N/A
18895,Guatemala,AIGTM11,hawaii multiple use area,,,,#N/A
18898,Guatemala,AIGTM4,punta de manabique wildlife refuge,,,,#N/A
6471,Finland,AIFIN36,uudenkaupungin saaristo,,,,Finland
6452,Finland,AIFIN349,vanhankaupunginlahden lintuvesi,,,,Finland
6904,Finland,AIFIN448,vihas-keihäslahti,,,,Finland
7018,French Antilles,AIFRCAR144,precheur regional marine nature reserve - reserve marine albert falco - zpe exclusive fishing zone,2014,,,French Antilles
19065,Honduras,AIHND100,bay islands marine national park - zrp coco view caribbean,1997,,,#N/A
19067,Honduras,AIHND101,bay islands marine national park - zrp blue rock point,1997,,,#N/A
7012,French Antilles,AIFRCAR140,precheur regional marine nature reserve - reserve marine albert falco - zpr1,2014,,,French Antilles
19086,Honduras,AIHND107,chismuyo bay,,,,#N/A
7014,French Antilles,AIFRCAR141,precheur regional marine nature reserve - reserve marine albert falco - zpr2,2014,,,French Antilles
19100,Honduras,AIHND114,gulf of fonseca archipelago,,,,#N/A
7015,French Antilles,AIFRCAR142,precheur regional marine nature reserve - reserve marine albert falco - zrn1,2014,,,French Antilles
7016,French Antilles,AIFRCAR143,precheur regional marine nature reserve - reserve marine albert falco - zrn2,2014,,,French Antilles
7326,Georgia,AIGEO5,kolkheti national park- managed nature protection zone,1998,,,Georgia
19115,Honduras,AIHND129,san lorenzo,,,,#N/A
7315,Georgia,AIGEO4,kolkheti national park- strict nature protection zone,1998,,,Georgia
4994,Germany,AIDEU88,granitz,1990,,,Germany
4863,Germany,AIDEU161,hund und paapsand,2001,,,Germany
19138,Honduras,AIHND137,san bernardo,,,,#N/A
4986,Germany,AIDEU83,jasmund national park,1990,,,Germany
19144,Honduras,AIHND141,los delgaditos,,,,#N/A
4957,Germany,AIDEU75,nsg schwansener see,1992,,,Germany
19148,Honduras,AIHND147,las iguanas y punta condega,,,,#N/A
19151,Honduras,AIHND15,punta izopo national park,,,,#N/A
4982,Germany,AIDEU80,riedensee,2010,,,Germany
4890,Germany,AIDEU70,schlei incl. schleimünde und vorgelagerter flachgründe,2010,,,Germany
19162,Honduras,AIHND34,barras de cuero y salado wildlife refuge,,,,#N/A
19167,Honduras,AIHND5,blanca jeannette kawas national park,,,,#N/A
4915,Germany,AIDEU73,unterelbe,2001,,,Germany
4962,Germany,AIDEU77,unterelbe bis wedel,2000,,,Germany
7381,Greece,AIGRC150,alyki lefkimmis (kerkyra),,,,Greece
19194,Honduras,AIHND64,bahía de tela wildlife refuge,,,,#N/A
19207,Honduras,AIHND74,cayos cochinos marine national monument,,,,#N/A
7519,Greece,AIGRC204,dytikes kai voreioanatolikes aktes zakynthou,,,,Greece
7544,Greece,AIGRC210,ekvoles potamou strymona,,,,Greece
19243,Honduras,AIHND77,bay islands marine national park,,,,#N/A
7617,Greece,AIGRC242,folegandros anatoliki mechri dytiki sikino kai thalassia zoni,,,,Greece
19295,Honduras,AIHND80,bay islands marine national park - zde utila town,1997,,,#N/A
19297,Honduras,AIHND81,bay islands marine national park - zde oyster bed lagoon,1997,,,#N/A
19298,Honduras,AIHND82,bay islands marine national park - zde oak ridge,1997,,,#N/A
19299,Honduras,AIHND83,bay islands marine national park - zde pollytilly bight,1997,,,#N/A
19300,Honduras,AIHND84,bay islands marine national park - zde punta gorda,1997,,,#N/A
19301,Honduras,AIHND85,bay islands marine national park - zde flowersbaycoxen,1997,,,#N/A
19303,Honduras,AIHND86,bay islands marine national park - zde french harbour,1997,,,#N/A
19304,Honduras,AIHND87,bay islands marine national park - zde savannah bight,1997,,,#N/A
19305,Honduras,AIHND88,bay islands marine national park - zde east end,1997,,,#N/A
19306,Honduras,AIHND89,bay islands marine national park - zde aeropuerto,1997,,,#N/A
19308,Honduras,AIHND90,bay islands marine national park - zde el_bight,1997,,,#N/A
19309,Honduras,AIHND91,bay islands marine national park - zde los cayitos,1997,,,#N/A
8521,Greece,AIGRC72,gyaros,,,,Greece
8526,Greece,AIGRC86,karpathos - sarias,,,,Greece
7462,Greece,AIGRC180,limnothalassa agiou mama,,,,Greece
19317,Honduras,AIHND95,bay islands marine national park - zpem half moon cay,1997,,,#N/A
19321,Honduras,AIHND96,bay islands marine national park - zpem michael rock - land area,1997,,,#N/A
19322,Honduras,AIHND97,bay islands marine national park - zpem turtle harbour,1997,,,#N/A
19323,Honduras,AIHND98,bay islands marine national park - zr mud hole crawfish,1997,,,#N/A
7912,Greece,AIGRC333,limnothalassa angelochoriou,,,,Greece
19328,Haiti,AIHTI6,les trois baies,,,,#N/A
7913,Greece,AIGRC334,limnothalassa antinioti (kerkyra),,,,Greece
19342,Chagos Archipelago - British Indian Ocean Territory,AIIOT3,under negotiation: chagos archipelago marine protected area,,,,#N/A
19568,Ireland,AIIRL110,glengarriff harbour and woodland sac,,,,#N/A
19569,Ireland,AIIRL130,inishbofin and inishshark sac,,,,#N/A
19573,Ireland,AIIRL142,inishmurray spa,,,,#N/A
19574,Ireland,AIIRL15,ballyhoorisky point to fanad head sac,,,,#N/A
19576,Ireland,AIIRL159,killala bay/moy estuary sac,,,,#N/A
19580,Ireland,AIIRL160,killala bay/moy estuary spa,,,,#N/A
19584,Ireland,AIIRL177,lough nagreany dunes sac,,,,#N/A
19585,Ireland,AIIRL179,lough swilly spa,,,,#N/A
19593,Ireland,AIIRL184,magherabeg dunes sac,,,,#N/A
19594,Ireland,AIIRL210,puffin island spa,,,,#N/A
19596,Ireland,AIIRL218,river shannon and river fergus estuaries spa,,,,#N/A
19617,Ireland,AIIRL226,rogerstown estuary spa,,,,#N/A
19621,Ireland,AIIRL237,sheephaven sac,,,,#N/A
19625,Ireland,AIIRL248,south dublin bay sac,,,,#N/A
19628,Ireland,AIIRL276,trawbreaga bay spa,,,,#N/A
19633,Ireland,AIIRL279,valencia harbour/portmagee channel sac,,,,#N/A
19638,Ireland,AIIRL53,carrowmore dunes sac,,,,#N/A
19640,Israel,AIISR13,shiqmona,,,,#N/A
7923,Greece,AIGRC343,limnothalasses stenon lefkadas (palionis - avlimon) kai alykes lefkadas,,,,Greece
19643,Israel,AIISR15,yam dor habonim,,,,#N/A
19644,Israel,AIISR17,dor islands and ma‘agan michael islands,,,,#N/A
19646,Israel,AIISR19,yam gador,,,,#N/A
19647,Israel,AIISR21,yam evtah,,,,#N/A
19648,Israel,AIISR23,yam shiqma,,,,#N/A
19651,Israel,AIISR5,rosh hanikra - akhziv,2005,4,High,#N/A
19653,Italy,AIITA11,area marina protetta capo caccia - isola piana - fascia esterna,2002,,,#N/A
8531,Greece,AIGRC99,"messolonghi - aetoliko lagoons, estuaries of acheloos and evinos and echinades islands",,,,Greece
7509,Greece,AIGRC202,nisos dia,,,,Greece
8058,Greece,AIGRC395,skyros: oros kochylas,,,,Greece
7725,Greece,AIGRC277,thalassia periochi kavalas - thasou,,,,Greece
24734,South Africa,AIZAF221,dwesa-cwebe marine protected area - central controlled zone,2000,,,South Africa
24732,South Africa,AIZAF220,dwesa-cwebe marine protected area - northern controlled zone,2000,,,South Africa
24737,South Africa,AIZAF223,dwesa-cwebe marine protected area - northern restricted zone,2000,,,South Africa
24741,South Africa,AIZAF225,dwesa-cwebe marine protected area - offshore restricted zone,2000,,,South Africa
24735,South Africa,AIZAF222,dwesa-cwebe marine protected area - southern controlled zone,2000,,,South Africa
24739,South Africa,AIZAF224,dwesa-cwebe marine protected area - southern restricted zone,2000,,,South Africa
7312,Grenada,AIGD9b,sandy island oyster bed marine protected area - recreational non-extractive zone,,,,Grenada
19684,Italy,AIITA154,isole pelagie,,,,#N/A
19688,Italy,AIITA155,isole pelagie - zone a,2002,,,#N/A
19689,Italy,AIITA156,isole pelagie - zone b,2002,,,#N/A
19690,Italy,AIITA157,isole pelagie - zone c,2002,,,#N/A
7314,Grenada,AIGD9c,sandy island oyster bed marine protected area - reef fish protection zone,,,,Grenada
7310,Grenada,AIGD9a,sandy island oyster bed marine protected area - restricted fishing zone,,,,Grenada
19269,Honduras,AIHND78,bay islands marine national park - buffer zone,,,,Honduras
19699,Italy,AIITA166,riserva naturale orientata/integrale isola di linosa e lampione - zone a,,,,#N/A
19068,Honduras,AIHND102,bay islands marine national park - multiple uses zones,,,,Honduras
19702,Italy,AIITA171,national park isola di pantelleria,,,,#N/A
19705,Italy,AIITA205,capo gallo - isola delle femmine - zone a,2002,,,#N/A
19707,Italy,AIITA206,capo gallo - isola delle femmine - zone b,2002,,,#N/A
19710,Italy,AIITA207,capo gallo - isola delle femmine - zone c,2002,,,#N/A
19713,Italy,AIITA229,isole dello stagnone di marsala,,,,#N/A
19314,Honduras,AIHND94,bay islands marine national park - zpem michael rock - offshore area,,,,Honduras
19720,Italy,AIITA234,isole egadi,,,,#N/A
19730,Italy,AIITA235,isole egadi - zone a - integral reserve,2002,,,#N/A
19312,Honduras,AIHND93,bay islands marine national park - zpem sta elena barbar,,,,Honduras
19310,Honduras,AIHND92,bay islands marine national park - zpem west end sandy b,,,,Honduras
19325,Honduras,AIHND99,bay islands marine national park - zrp new port royal,,,,Honduras
19121,Honduras,AIHND13,blanca jeannette kawas national park - buffer zone,1994,,,Honduras
19185,Honduras,AIHND6,blanca jeannette kawas national park- core zone,1994,,,Honduras
19230,Honduras,AIHND76,cayos cochinos marine national monument - buffer zone,2003,,,Honduras
19221,Honduras,AIHND75,cayos cochinos marine national monument - core zone,2003,,,Honduras
19762,Italy,AIITA293,area marina protetta isole ciclopi - zone a,2002,,,#N/A
19763,Italy,AIITA294,area marina protetta isole ciclopi - zone b,2002,,,#N/A
19764,Italy,AIITA295,area marina protetta isole ciclopi - zone c,2002,,,#N/A
19093,Honduras,AIHND112,chismuyo bay - buffer zone - sustainable use of extensive resources - fishing sector,1999,,,Honduras
19767,Italy,AIITA338,capo rizzuto - zone a,1991,,,#N/A
19770,Italy,AIITA339,capo rizzuto - zone b,1991,,,#N/A
19779,Italy,AIITA340,capo rizzuto - zone c,1991,,,#N/A
19787,Italy,AIITA353,arcipelago toscano - zone 1,2015,5,High,#N/A
19177,Honduras,AIHND52,cuyamel - omoa national park,2019,,,Honduras
19799,Italy,AIITA355,arcipelago toscano - zone ma,1989,,,#N/A
19801,Italy,AIITA356,arcipelago toscano - zone ma - archeological area,1989,,,#N/A
19181,Honduras,AIHND54,cuyamel - omoa national park - buffer zone,2019,,,Honduras
19804,Italy,AIITA358,arcipelago toscano - zone mb (restricted regulation area),1989,,,#N/A
19114,Honduras,AIHND121,gulf of fonseca archipelago - buffer zone - sub zone of sustainable use of intensive resources- sub zone of human settlements,1999,,,Honduras
19106,Honduras,AIHND117,gulf of fonseca archipelago - buffer zone - sustainable use of extensive resources - agricultural production sector,1999,,,Honduras
19810,Italy,AIITA361,arcipelago toscano - isola di pianosa,1989,,,#N/A
19108,Honduras,AIHND119,gulf of fonseca archipelago - buffer zone - sustainable use of extensive resources - fishing sector,1999,,,Honduras
19155,Honduras,AIHND151,las iguanas y punta condega - buffer zone - sustainable use of extensive resources - fishing sector,1999,,,Honduras
19146,Honduras,AIHND144,los delgaditos - buffer zone - sustainable use of extensive resources - fishing sector,1999,,,Honduras
19158,Honduras,AIHND20,punta izopo national park - buffer zone,2000,,,Honduras
19983,Italy,AIITA41,arcipelago della maddalena,,,,#N/A
19141,Honduras,AIHND140,san bernado - buffer zone - sustainable use of extensive resources - fishing sector,,,,Honduras
19994,Italy,AIITA42,arcipelago della maddalena zone ma,1994,,,#N/A
20001,Italy,AIITA420,miramare marine protected area - zone a,1986,,,#N/A
20003,Italy,AIITA421,miramare marine protected area - zone b,1986,,,#N/A
19135,Honduras,AIHND135,san lorenzo - buffer zone - public use zone,1999,,,Honduras
20010,Italy,AIITA424,porto cesareo - zone a,1997,,,#N/A
19129,Honduras,AIHND134,san lorenzo - buffer zone - sustainable use of extensive resources - fishing sector,1999,,,Honduras
19064,Hong Kong,AIHKG4,cape d'aguilar marine reserve,1996,,,"Hong Kong SAR, China"
19339,Indonesia,AIIDN474d,aceh jaya coastal park - other zone - rehabilitation subzones,,,,Indonesia
19641,Israel,AIISR14,yam dor habonim,2002,,,Israel
20023,Italy,AIITA43,arcipelago della maddalena zone mb,,,,Italy
19792,Italy,AIITA354,arcipelago toscano - zone 2,1989,4,High,Italy
19802,Italy,AIITA357,arcipelago toscano - zone mb,1989,,,Italy
19806,Italy,AIITA359,arcipelago toscano - zone mc,1989,,,Italy
20041,Italy,AIITA450,punta campanella - zone b,2009,,,#N/A
19808,Italy,AIITA360,arcipelago toscano - zone md,1989,,,Italy
19680,Italy,AIITA147,area marina protetta isola di ustica - zone b,1986,,,Italy
19681,Italy,AIITA148,area marina protetta isola di ustica - zone c,1986,,,Italy
19660,Italy,AIITA133,area marina protetta penisola del sinis - isola di mal di ventre,1997,,,Italy
20064,Italy,AIITA48,"area marina protetta tavolara - punta coda cavallo - il tratto di mare all'interno del confine dell'area protetta marina, escludendo le zone a e le zone b",1997,,,Italy
20056,Italy,AIITA474,parco sommerso di baia - zone a,2002,,,#N/A
20057,Italy,AIITA475,parco sommerso di baia - zone b,2002,,,#N/A
20058,Italy,AIITA476,parco sommerso di baia - zone c,2002,,,#N/A
20059,Italy,AIITA478,cinque terre - area marina protetta cinque terre,,,,#N/A
20062,Italy,AIITA479,cinque terre - area marina protetta cinque terre - zone a,1997,,,#N/A
20167,Italy,AIITA69,capo carbonara,1998,,,Italy
20070,Italy,AIITA480,cinque terre - area marina protetta cinque terre - zone b,1997,,,#N/A
20072,Italy,AIITA481,cinque terre - area marina protetta cinque terre - zone c,1997,,,Italy
20075,Italy,AIITA49,il tratto di mare circostante l'isola di molara e la zona a di molarotto,1997,,,#N/A
20076,Italy,AIITA494,costa degli infreschi e della masseta,,,,#N/A
20079,Italy,AIITA495,costa degli infreschi e della masseta - zone a,2009,,,#N/A
20080,Italy,AIITA496,costa degli infreschi e della masseta - zone b,2009,,,#N/A
20083,Italy,AIITA498,costa degli infreschi e della masseta - zone c,2009,,,#N/A
20086,Italy,AIITA50,"il tratto di mare compreso tra capo ceraso e il limite sud della caletta sa enas appara, per un'ampiezza di circa 700 metri",1997,,,#N/A
20088,Italy,AIITA507,gaiola or parco sommerso di gaiola,,,,#N/A
20089,Italy,AIITA508,parco sommerso di gaiola - zona a,2002,,,#N/A
20090,Italy,AIITA509,parco sommerso di gaiola - zona b,2002,,,#N/A
20091,Italy,AIITA51,il tratto di mare compreso tra coda dellu furru e punta di tamerigio (capo coda cavallo),1997,,,#N/A
20092,Italy,AIITA512,isola di bergeggi - area marina protetta isola di bergeggi,,,,#N/A
20093,Italy,AIITA513,isola di bergeggi - area marina protetta isola di bergeggi - zone a,2007,,,#N/A
20094,Italy,AIITA514,isola di bergeggi - area marina protetta isola di bergeggi - zone b,2007,,,#N/A
20095,Italy,AIITA515,isola di bergeggi - area marina protetta isola di bergeggi - zone c,2007,,,#N/A
20096,Italy,AIITA519,isole di ventotene e santo stefano - area naturale marina protetta isole di ventotene e santo stefanoisole di ventotene e santo stefano - area naturale marina protetta isole di ventotene e santo stefanoisole di ventotene e santo stefano - area naturale marina protetta isole di ventotene e santo stefanoisole di ventotene e santo stefano - area naturale marina protetta isole di ventotene e santo stefanoisole di ventotene e santo stefano - area naturale marina protetta isole di ventotene e santo stefanoisole di ventotene e santo stefano - area naturale marina protetta isole di ventotene e santo stefanoisole di ventotene e santo stefano - area naturale marina protetta isole di ventotene e santo stefanoisole di ventotene e santo stefano - area naturale marina protetta isole di ventotene e santo stefanoisole di ventotene e santo stefano - area naturale marina protetta isole di ventotene e santo stefanoisole di ventotene e santo stefano - area naturale marina protetta isole di ventotene e santo stefanoisole di ventotene e santo stefano - area naturale marina protetta isole di ventotene e santo stefanoisole di ventotene e santo stefano - area naturale marina protetta isole di ventotene e santo stefanoisole di ventotene e santo stefano - area naturale marina protetta isole di ventotene e santo stefanoisole di ventotene e santo stefano - area naturale marina protetta isole di ventotene e santo stefanoisole di ventotene e santo stefano - area naturale marina protetta isole di ventotene e santo stefano,,,,#N/A
19715,Italy,AIITA23,fascia esterna,,,,Italy
20102,Italy,AIITA520,isole di ventotene e santo stefano - area naturale marina protetta isole di ventotene e santo stefano - zone aisole di ventotene e santo stefano - area naturale marina protetta isole di ventotene e santo stefano - zone aisole di ventotene e santo stefano - area naturale marina protetta isole di ventotene e santo stefano - zone aisole di ventotene e santo stefano - area naturale marina protetta isole di ventotene e santo stefano - zone aisole di ventotene e santo stefano - area naturale marina protetta isole di ventotene e santo stefano - zone aisole di ventotene e santo stefano - area naturale marina protetta isole di ventotene e santo stefano - zone aisole di ventotene e santo stefano - area naturale marina protetta isole di ventotene e santo stefano - zone aisole di ventotene e santo stefano - area naturale marina protetta isole di ventotene e santo stefano - zone aisole di ventotene e santo stefano - area naturale marina protetta isole di ventotene e santo stefano - zone aisole di ventotene e santo stefano - area naturale marina protetta isole di ventotene e santo stefano - zone aisole di ventotene e santo stefano - area naturale marina protetta isole di ventotene e santo stefano - zone aisole di ventotene e santo stefano - area naturale marina protetta isole di ventotene e santo stefano - zone aisole di ventotene e santo stefano - area naturale marina protetta isole di ventotene e santo stefano - zone aisole di ventotene e santo stefano - area naturale marina protetta isole di ventotene e santo stefano - zone a,1997,,,Italy
20103,Italy,AIITA521,isole di ventotene e santo stefano - area naturale marina protetta isole di ventotene e santo stefano - zone bisole di ventotene e santo stefano - area naturale marina protetta isole di ventotene e santo stefano - zone bisole di ventotene e santo stefano - area naturale marina protetta isole di ventotene e santo stefano - zone bisole di ventotene e santo stefano - area naturale marina protetta isole di ventotene e santo stefano - zone bisole di ventotene e santo stefano - area naturale marina protetta isole di ventotene e santo stefano - zone bisole di ventotene e santo stefano - area naturale marina protetta isole di ventotene e santo stefano - zone bisole di ventotene e santo stefano - area naturale marina protetta isole di ventotene e santo stefano - zone bisole di ventotene e santo stefano - area naturale marina protetta isole di ventotene e santo stefano - zone bisole di ventotene e santo stefano - area naturale marina protetta isole di ventotene e santo stefano - zone bisole di ventotene e santo stefano - area naturale marina protetta isole di ventotene e santo stefano - zone bisole di ventotene e santo stefano - area naturale marina protetta isole di ventotene e santo stefano - zone bisole di ventotene e santo stefano - area naturale marina protetta isole di ventotene e santo stefano - zone bisole di ventotene e santo stefano - area naturale marina protetta isole di ventotene e santo stefano - zone bisole di ventotene e santo stefano - area naturale marina protetta isole di ventotene e santo stefano - zone b,1997,,,Italy
20105,Italy,AIITA522,isole di ventotene e santo stefano - area naturale marina protetta isole di ventotene e santo stefano - zone cisole di ventotene e santo stefano - area naturale marina protetta isole di ventotene e santo stefano - zone cisole di ventotene e santo stefano - area naturale marina protetta isole di ventotene e santo stefano - zone cisole di ventotene e santo stefano - area naturale marina protetta isole di ventotene e santo stefano - zone cisole di ventotene e santo stefano - area naturale marina protetta isole di ventotene e santo stefano - zone cisole di ventotene e santo stefano - area naturale marina protetta isole di ventotene e santo stefano - zone cisole di ventotene e santo stefano - area naturale marina protetta isole di ventotene e santo stefano - zone cisole di ventotene e santo stefano - area naturale marina protetta isole di ventotene e santo stefano - zone cisole di ventotene e santo stefano - area naturale marina protetta isole di ventotene e santo stefano - zone cisole di ventotene e santo stefano - area naturale marina protetta isole di ventotene e santo stefano - zone cisole di ventotene e santo stefano - area naturale marina protetta isole di ventotene e santo stefano - zone cisole di ventotene e santo stefano - area naturale marina protetta isole di ventotene e santo stefano - zone cisole di ventotene e santo stefano - area naturale marina protetta isole di ventotene e santo stefano - zone cisole di ventotene e santo stefano - area naturale marina protetta isole di ventotene e santo stefano - zone c,1997,,,Italy
19733,Italy,AIITA236,isole egadi - zone b - general reserve,1991,,,Italy
20108,Italy,AIITA531,isole tremiti,,,,#N/A
20112,Italy,AIITA532,isole tremiti - zone a,2002,,,#N/A
20113,Italy,AIITA533,isole tremiti - zone b,2002,,,#N/A
20115,Italy,AIITA534,isole tremiti - zone c,2002,,,#N/A
20118,Italy,AIITA537,regno di nettuno - area marina protetta regno di nettuno,2008,2,High,#N/A
19738,Italy,AIITA237,isole egadi - zone c - partial reserve,1991,,,Italy
20124,Italy,AIITA539,regno di nettuno - area marina protetta regno di nettuno - zone b n.t.,2008,5,High,#N/A
19747,Italy,AIITA238,isole egadi - zone d - protected,1991,,,Italy
20127,Italy,AIITA540,regno di nettuno - area marina protetta regno di nettuno - zone b,2008,3,High,#N/A
20132,Italy,AIITA541,regno di nettuno - area marina protetta regno di nettuno - zone c,2008,3,High,#N/A
20188,Italy,AIITA745,l'oasi marina città di caorle,,,,Italy
20138,Italy,AIITA547,santa maria di castellabate - area marina protetta santa maria di castellabate,,,,#N/A
19992,Italy,AIITA419,miramare marine protected area,,,,Italy
20107,Italy,AIITA53,"nell'isola di tavolara la punta a sud di cala di levante, punta del papa e il punto in costa a sud-est della punta del passo maloie relativi territori costieri appartenenti al demanio marittimo",,,,Italy
20098,Italy,AIITA52,"nell'isola di tavolara l'area di mare costiera del lato nord-occidentale, per un'ampiezza di circa 500 metri dalla costa e, dei lati nord-orientale e sud-orientale, per un'ampiezza di circa 300 metri dalla zona a",,,,Italy
20126,Italy,AIITA54,"nell'isola molarotto, l'area pentagonale circostante molarotto, per un'ampiezza di circa 750 metri ad est e ad ovest (lati); circa 1.000 metri a nord (vertice); circa 1.500 metri a sud (lato).",,,,Italy
19822,Italy,AIITA4,pelagos (italian waters),,1,High,Italy
20150,Italy,AIITA557,secche di tor paterno - area naturale marina protetta secche di tor paterno,,,,#N/A
20152,Italy,AIITA559,torre del cerrano - area marina protetta torre del cerrano,,,,#N/A
20005,Italy,AIITA423,porto cesareo,,,,Italy
20013,Italy,AIITA425,porto cesareo - zone b,,,,Italy
20018,Italy,AIITA426,porto cesareo - zone c,,,,Italy
20029,Italy,AIITA440,portofino - area naturale marina protetta portofino,,,,Italy
20039,Italy,AIITA449,punta campanella - zone a,,,,Italy
20044,Italy,AIITA451,punta campanella -zone c,,,,Italy
20123,Italy,AIITA538,regno di nettuno - area marina protetta regno di nettuno - zone a,,,,Italy
20137,Italy,AIITA542,regno di nettuno - area marina protetta regno di nettuno - zone d,,,,Italy
20171,Italy,AIITA70,residuo tratto di mare all'interno del perimetro dell'area marina protetta,,,,Italy
20175,Italy,AIITA71,residuo tratto di mare circostante alle zone a e b,,,,Italy
19765,Italy,AIITA307,riserva naturale orientata isola bella - zone b,,,,Italy
19691,Italy,AIITA162,riserva naturale orientata isola di lampedusa - zone a,,,,Italy
19693,Italy,AIITA163,riserva naturale orientata isola di lampedusa - zone b,,,,Italy
19695,Italy,AIITA164,riserva naturale orientata isola di lampedusa - zone c,,,,Italy
19701,Italy,AIITA167,riserva naturale orientata/integrale isola di linosa e lampione - zone b,,,,Italy
20143,Italy,AIITA550,santa maria di castellabate - area marina protetta santa maria di castellabate - subzone b,,,,Italy
20142,Italy,AIITA549,santa maria di castellabate - area marina protetta santa maria di castellabate - subzone bs,,,,Italy
20141,Italy,AIITA548,santa maria di castellabate - area marina protetta santa maria di castellabate - zone a,,,,Italy
20144,Italy,AIITA551,santa maria di castellabate - area marina protetta santa maria di castellabate - zone b,,,,Italy
20147,Italy,AIITA552,santa maria di castellabate - area marina protetta santa maria di castellabate - zone c,,,,Italy
24953,South Africa,AIZAF285,isimangaliso marine protected area - adlams controlled catch and release zone,2019,,,South Africa
24927,South Africa,AIZAF278,isimangaliso marine protected area - bhanga nek controlled zone,2019,,,South Africa
24929,South Africa,AIZAF279,isimangaliso marine protected area - black rock controlled zone,2019,,,South Africa
24957,South Africa,AIZAF287,isimangaliso marine protected area - cape vidal controlled catch and release zone,2019,,,South Africa
20200,Jamaica,AIJM15,negril marine mark,,,,#N/A
20207,Jamaica,AIJM16,ocho rios marine park,,,,#N/A
20209,Jamaica,AIJM21,oracabessa bay special fishery conservation area,,,,#N/A
20210,Jamaica,AIJM22,orange bay fishery conservation area,,,,#N/A
20212,Jamaica,AIJM23,palisadoes - port royal wetland of international importance,,,,#N/A
24947,South Africa,AIZAF282,isimangaliso marine protected area - cape vidal controlled zone,2019,,,South Africa
24966,South Africa,AIZAF292,isimangaliso marine protected area - dog point restricted zone,2019,,,South Africa
24961,South Africa,AIZAF289,isimangaliso marine protected area - first rocks controlled catch and release zone,2019,,,South Africa
24975,South Africa,AIZAF298,isimangaliso marine protected area - isimangaliso inshore wilderness zone,2019,,,South Africa
24979,South Africa,AIZAF299,isimangaliso marine protected area - isimangaliso offshore controlled pelagic linefish zone north,2019,,,South Africa
20231,Jamaica,AIJM29,portland bight protected area,,,,#N/A
20253,Jamaica,AIJM3,bogue islands lagoon special fishery conservation area,,,,#N/A
20254,Jamaica,AIJM30,salt harbour special fishery conservation area,,,,#N/A
24989,South Africa,AIZAF300,isimangaliso marine protected area - isimangaliso offshore controlled pelagic linefish zone south,2019,,,South Africa
24999,South Africa,AIZAF301,isimangaliso marine protected area - isimangaliso offshore restricted zone north,2019,,,South Africa
20259,Jamaica,AIJM38,bluefields bay special fishery conservation area,,,,#N/A
25007,South Africa,AIZAF304,isimangaliso marine protected area - isimangaliso offshore wilderness zone,2019,,,South Africa
20263,Jamaica,AIJM5,three bays special fishery conservation area,,,,#N/A
20265,Jamaica,AIJM6,discovery bay special fishery conservation area,,,,#N/A
20266,Jamaica,AIJM7,"galleon, st elizabeth special fishery conservation area",,,,#N/A
20268,Jamaica,AIJM8,galleon harbour fishery conservation area,,,,#N/A
20270,Jamaica,AIJM9,montego bay marine park,,,,#N/A
20272,Kenya,AIKEN14,malindi marine national park,,,,#N/A
20273,Kenya,AIKEN19,malindi marine national reserve,,,,#N/A
20278,Kenya,AIKEN23,watamu marine national park,,,,#N/A
20281,Kenya,AIKEN28,watamu national marine reserve,,,,#N/A
20282,Kenya,AIKEN31,mpunguti marine reserve,,,,#N/A
20286,Kenya,AIKEN38,kisite marine park,,,,#N/A
20289,Kenya,AIKEN7,diani chale marine reserve,,,,#N/A
20293,Kenya,AIKEN9,kiunga marine national reserve,,,,#N/A
24925,South Africa,AIZAF277,isimangaliso marine protected area - kosi controlled zone,2019,,,South Africa
24964,South Africa,AIZAF290,isimangaliso marine protected area - kosi restricted zone,2019,,,South Africa
20311,South Korea,AIKOR12,jin island mud flat protected wetland,,,,#N/A
20312,South Korea,AIKOR13,jo island protected marine area,,,,#N/A
20314,South Korea,AIKOR14,masan bay bongam mud flat protected wetland,,,,#N/A
20315,South Korea,AIKOR15,moon island protected marine area,,,,#N/A
24968,South Africa,AIZAF293,isimangaliso marine protected area - lala nek restricted zone,2019,,,South Africa
20321,South Korea,AIKOR17,namhyungje island protected marine area,,,,#N/A
20322,South Korea,AIKOR18,namoo island protected marine area,,,,#N/A
24955,South Africa,AIZAF286,isimangaliso marine protected area - leven controlled catch and release zone,2019,,,South Africa
20329,South Korea,AIKOR20,oryuk island sea area protected marine area,,,,#N/A
20330,South Korea,AIKOR21,rabbit island sea area protected marine area,,,,#N/A
24951,South Africa,AIZAF284,isimangaliso marine protected area - lighthouse controlled zone,2019,,,South Africa
20337,South Korea,AIKOR24,sinan mud flat protected wetland,,,,#N/A
20366,South Korea,AIKOR25,sohwa island protected marine area,,,,#N/A
20367,South Korea,AIKOR26,sinduri sand dunes marine reserve,,,,#N/A
20368,South Korea,AIKOR27,sohwang sand dune protected area,,,,#N/A
24941,South Africa,AIZAF280,isimangaliso marine protected area - mabibi controlled zone,2019,,,South Africa
24959,South Africa,AIZAF288,isimangaliso marine protected area - mission rocks controlled catch and release zone,2019,,,South Africa
24971,South Africa,AIZAF295,isimangaliso marine protected area - msiki restricted zone,2019,,,South Africa
20377,South Korea,AIKOR30,ulleung island protected marine area,,,,#N/A
24969,South Africa,AIZAF294,isimangaliso marine protected area - nine mile restricted zone,2019,,,South Africa
20385,South Korea,AIKOR5,cheongsan island sea area protected marine area,,,,#N/A
20389,South Korea,AIKOR6,chooja island sea area protected marine area,,,,#N/A
20390,South Korea,AIKOR7,daebu island mud flat protected wetland,,,,#N/A
20391,South Korea,AIKOR8,daeijak island ecosystem conservation area,,,,#N/A
20394,South Korea,AIKOR9,gageo island protected marine area,,,,#N/A
20397,Cayman Islands,AIKY11,east end replenishment zone,,,,#N/A
20398,Cayman Islands,AIKY14,dick sessingers bay - beach point marine park,,,,#N/A
20399,Cayman Islands,AIKY15,frank sound replenishment zone,,,,#N/A
20401,Cayman Islands,AIKY18,barkers replenishment zone,,,,#N/A
20403,Cayman Islands,AIKY19,jennifer bay - deep well marine park,,,,#N/A
20404,Cayman Islands,AIKY22,environmental zone,,,,#N/A
20405,Cayman Islands,AIKY23,mary's bay - east point replenishment zone,,,,#N/A
20406,Cayman Islands,AIKY25,no dive zone east,,,,#N/A
20407,Cayman Islands,AIKY26,no dive zone west,,,,#N/A
20408,Cayman Islands,AIKY27,north sound replenishment zone,,,,#N/A
20411,Cayman Islands,AIKY28,west bay bight marine park,,,,#N/A
20413,Cayman Islands,AIKY29,george town marine park,1986,4,High,#N/A
20415,Cayman Islands,AIKY30,preston bay marine park,,,,#N/A
20416,Cayman Islands,AIKY31,sand bluff replenishment zone,,,,#N/A
20417,Cayman Islands,AIKY32,dennis point replenishment zone,,,,#N/A
20418,Cayman Islands,AIKY33,white bay marine park,,,,#N/A
20420,Cayman Islands,AIKY34,south hole sound replenishment zone,,,,#N/A
20422,Cayman Islands,AIKY35,south sound replenishment zone,,,,#N/A
20423,Cayman Islands,AIKY36,spanish bay marine park,,,,#N/A
20424,Cayman Islands,AIKY37,spott bay replenishment zone,,,,#N/A
20425,Cayman Islands,AIKY38,spotter bay replenishment zone,,,,#N/A
20427,Cayman Islands,AIKY39,pageant beach replenishment zone,,,,#N/A
20428,Cayman Islands,AIKY40,seven mile beach marine park,,,,#N/A
20429,Cayman Islands,AIKY41,west bay replenishment zone,,,,#N/A
20431,Cayman Islands,AIKY42,sandbar prohibited scuba diving zone,,,,#N/A
20432,Cayman Islands,AIKY5,spotts bay replenishment zone,,,,#N/A
20433,Cayman Islands,AIKY6,bloody bay marine park,1986,4,High,#N/A
20435,Cayman Islands,AIKY8,rum point marine park,,,,#N/A
20436,Lebanon,AILBN3,palm islands,,,,#N/A
24973,South Africa,AIZAF296,isimangaliso marine protected area - perriers restricted zone,2019,,,South Africa
20440,Saint Lucia,AILC14,maria islands nature reserve,,,,#N/A
20441,Saint Lucia,AILC3,point sable environmental protection area,,,,#N/A
20443,Saint Lucia,AILC33,point sable environmental protection area - the maria islet reef marine reserve,,,,#N/A
20444,Saint Lucia,AILC34,moule-a-chique marine reserve,,,,#N/A
20445,Saint Lucia,AILC35,ceasar-mathurin marine reserve,,,,#N/A
24974,South Africa,AIZAF297,isimangaliso marine protected area - railway ledges restricted zone,2019,,,South Africa
24965,South Africa,AIZAF291,isimangaliso marine protected area - saxon restricted zone,2019,,,South Africa
24943,South Africa,AIZAF281,isimangaliso marine protected area - sodwana controlled zone,2019,,,South Africa
20470,Lithuania,AILTU10,zambia plateau biosphere,,,,#N/A
25004,South Africa,AIZAF303,isimangaliso marine protected area - sodwana diving restricted zone,2019,,,South Africa
24949,South Africa,AIZAF283,isimangaliso marine protected area - st lucia controlled zone,2019,,,South Africa
20182,Italy,AIITA721_A,scogli di isca,,,,Italy
20181,Italy,AIITA721a,scogli di isca - zone a integral reserve,,,,Italy
20183,Italy,AIITA721b,scogli di isca - zone b general reserve,,,,Italy
20184,Italy,AIITA721c,scogli di isca - zone c partial reserve,,,,Italy
19814,Italy,AIITA363,secche della meloria - zone a,,,,Italy
20533,Latvia,AILVA37,krauju akmeņu saliņa,,,,#N/A
19816,Italy,AIITA364,secche della meloria - zone b,,,,Italy
20544,Latvia,AILVA42,svētciema akmeņu saliņa,,,,#N/A
20545,Latvia,AILVA43,nidas pludmale,,,,#N/A
20547,Latvia,AILVA45,strantes-ulmales stāvkrasts,,,,#N/A
20548,Latvia,AILVA46,veczemju klintis,,,,#N/A
20549,Latvia,AILVA48,ziemeļvidzemes biosfēras rezervāts biosphere reserve,,,,#N/A
19818,Italy,AIITA365,secche della meloria - zone c,,,,Italy
20156,Italy,AIITA560,torre del cerrano - area marina protetta torre del cerrano - zone b,,,,Italy
20158,Italy,AIITA561,torre del cerrano - area marina protetta torre del cerrano - zone c,,,,Italy
20162,Italy,AIITA562,torre del cerrano - area marina protetta torre del cerrano - zone d,,,,Italy
20046,Italy,AIITA460,torre guaceto,,,,Italy
20674,Morocco,AIMAR11,al-hoceima national park,2004,1,High,#N/A
20680,Madagascar,AIMDG10,masoala national park,,,,#N/A
20695,Madagascar,AIMDG13,nosy hara national park,,,,#N/A
20723,Madagascar,AIMDG25,sahamalaza iles radama national park,,,,#N/A
20745,Madagascar,AIMDG31,velondriake,,,,#N/A
20758,Madagascar,AIMDG5,kirindy mite national park,,,,#N/A
20776,Madagascar,AIMDG7,lokobe national park,,,,#N/A
20049,Italy,AIITA461,torre guaceto - zone a - integral reserve,,,,Italy
20052,Italy,AIITA463,torre guaceto - zone b - general reserve,,,,Italy
20053,Italy,AIITA464,torre guaceto - zone c - partial reserve,,,,Italy
19657,Italy,AIITA12,tratto di mare ad est del promontorio di punta giglio,,,,Italy
20179,Italy,AIITA72,tratto di mare antistante il capo carbonara e circostante isola dei cavoli,,,,Italy
20185,Italy,AIITA73,tratto di mare antistante la costa di punta molentis e di punta porceddus,,,,Italy
20186,Italy,AIITA74,tratto di mare antistante la costa nord-occidentale de i variglioni di isola di isola di serpentara,,,,Italy
20189,Italy,AIITA75,tratto di mare antistante la costa sud-occidentale e orientale di isola di serpentara,,,,Italy
19668,Italy,AIITA134,"tratto di mare antistante torre del sevo, comprendendo le isole di is caogheddas e punta maimoni, per una distanza di circa 1.000 metri dalla costa",,,,Italy
20191,Italy,AIITA76,tratto di mare circostante i variglioni di isola dei cavoli,,,,Italy
20192,Italy,AIITA77,tratto di mare circostante la secca de is piscadeddus,,,,Italy
20193,Italy,AIITA78,tratto di mare circostante la secca di berni,,,,Italy
20194,Italy,AIITA79,tratto di mare circostante la secca di libeccio e la secca di mezzo,,,,Italy
20195,Italy,AIITA80,tratto di mare circostante la secca di s. caterina,,,,Italy
20802,Mexico,AIMEX114,huatulco national park,,,,#N/A
20196,Italy,AIITA81,tratto di mare circostante la zona a della secca de is piscadeddus,,,,Italy
20197,Italy,AIITA82,tratto di mare circostante la zona a della secca di s. caterina,,,,Italy
19753,Italy,AIITA24,tratto di mare compreso tra punta dello scorno e punta del porco,,,,Italy
19755,Italy,AIITA25,tratto di mare compreso tra punta l'arroccu e punta galetta,,,,Italy
19756,Italy,AIITA26,tratto di mare compreso tra punta pedra bianca e punta agnadda,,,,Italy
20815,Mexico,AIMEX120,isla contoy national pak,,,,#N/A
19658,Italy,AIITA13,tratto di mare di isola piana a ovest,,,,Italy
19671,Italy,AIITA135,"tratto di mare nord e sud-occidentale dell'isola di mal di ventre, tutt'intorno la zona a, ricompreso tra la congiungente l'estrema punta nord dell'isola e lo scoglio del faro vecchio e il meridiano passante per l'estrema punta a sud di cala dei pastori",,,,Italy
19675,Italy,AIITA136,"tratto di mare nord-occidentale dell'isola di mal di ventre, a partire dalla punta a ovest di cala maestra",,,,Italy
19757,Italy,AIITA27,tratto di mare occidentale e orientale dell'isola dell'asinara compreso tra punta salippi e punta barbarossa,,,,Italy
19677,Italy,AIITA137,tratto di mare tutto intorno lo scoglio del catalano,,,,Italy
20165,Italy,AIITA629,valle cavanata e banco mula di muggia,,,,Italy
20833,Mexico,AIMEX121,isla guadalupe biosphere reserve,,,,#N/A
19678,Italy,AIITA14,zona occidentale di porto conte da punta delle gessiere a punta del bollo,,,,Italy
19682,Italy,AIITA15,zona orientale di porto conte compresa tra la punta del cerchio e capo galera,,,,Italy
20032,Italy,AIITA441,zone a - area naturale marina protetta portofino,,,,Italy
20033,Italy,AIITA442,zone b - area naturale marina protetta portofino,,,,Italy
20854,Mexico,AIMEX123,isla isabel national park,,,,#N/A
20036,Italy,AIITA443,zone c - area naturale marina protetta portofino,,,,Italy
20261,Jamaica,AIJM45,east portland special fishery conservation area,,,,Jamaica
20857,Mexico,AIMEX124,isla san pedro mártir,,,,#N/A
20198,Jamaica,AIJM14,montego bay point special fishery conservation area,,,,Jamaica
20216,Jamaica,AIJM24,palisadoes protected area,,,,Jamaica
20224,Jamaica,AIJM26,palisadoes protected area - conservation zones,,,,Jamaica
20861,Mexico,AIMEX126,"islas la pajarera, cocinas, mamut, colorada, san pedro, san agustín, san andrés y negrita y los islotes los anegados, novillas, mosca y submarino",,,,#N/A
20230,Jamaica,AIJM28,palisadoes protected area - core heritage special purpose zone,,,,Jamaica
20220,Jamaica,AIJM25,palisadoes protected area - multiple use zone,,,,Jamaica
20868,Mexico,AIMEX139,sistema arrecifal lobos-tuxpan,,,,#N/A
20228,Jamaica,AIJM27,palisadoes protected area - restricted use zone,,,,Jamaica
20255,Jamaica,AIJM31,sandals boscobel special fishery conservation area,,,,Jamaica
20256,Jamaica,AIJM32,sandals whitehouse bay special fishery conservation area,,,,Jamaica
20524,Latvia,AILVA3,ainazi-salacgriva,2010,,,Latvia
20534,Latvia,AILVA4,akmensrags,2010,,,Latvia
20903,Mexico,AIMEX140,tiburón ballena biosphere reserve,,,,#N/A
20521,Latvia,AILVA11b,bernati nature park,1999,,,Latvia
20560,Latvia,AILVA5,irbes saurums,2010,,,Latvia
20607,Latvia,AILVA6,nida-perkone,2010,,,Latvia
20634,Latvia,AILVA9,rigas lica rietumu piekraste,2010,,,Latvia
20618,Latvia,AILVA7,selga uz rietumiem no tujas,2010,,,Latvia
20529,Latvia,AILVA30,uzava,1999,,,Latvia
20632,Latvia,AILVA8,vitrupe-tuja,2010,,,Latvia
20438,Lebanon,AILBN6,tyre coast,1998,,,Lebanon
21028,Mexico,AIMEX144,arrecifes de sian ka'an,,,,#N/A
20493,Lithuania,AILTU8,baltic sea biosphere,2013,,,Lithuania
20506,Lithuania,AILTU9,klaipėdos–ventspilio biosphere,2015,,,Lithuania
20482,Lithuania,AILTU7,kursiu marios biosphere,2009,,,Lithuania
20475,Lithuania,AILTU6,state baltic sea marine reserve,2005,,,Lithuania
23316,Malaysia,AIMYS14,miri coral reef,2007,,,Malaysia
23312,Malaysia,AIMYS105,pulau seri buat and pulau sembilang marine parks,1994,,,Malaysia
21086,Mexico,AIMEX148,cabo pulmo - sp1 core zone,1995,5,High,#N/A
21088,Mexico,AIMEX149,arrecife alacranes,,,,#N/A
23326,Malaysia,AIMYS15,sibuti coral reef,2007,,,Malaysia
23305,Mauritius,AIMUS4,anse aux anglais marine reserve,,,,Mauritius
23306,Mauritius,AIMUS5,grand bassin marine reserve,,,,Mauritius
23307,Mauritius,AIMUS6,passe demie marine reserve,,,,Mauritius
21129,Mexico,AIMEX152,bahía de loreto,,,,#N/A
23311,Mauritius,AIMUS7,riviere banane marine reserve,,,,Mauritius
21445,Mexico,AIMEX18,40 cañones,,,,Mexico
21263,Mexico,AIMEX16,anegado de chal,,,,Mexico
22965,Mexico,AIMEX59o,archipelago of revillagigedo - isla clarion buffer zone - naval sector traditional use,,,,Mexico
22941,Mexico,AIMEX59f,archipelago of revillagigedo - isla clarion core zone - investigation restricted use subzone,,,,Mexico
22962,Mexico,AIMEX59k,archipelago of revillagigedo - isla clarion marine core zone - tourism restricted use subzone,,,,Mexico
21214,Mexico,AIMEX155,cabo san lucas,,,,#N/A
22936,Mexico,AIMEX59d,archipelago of revillagigedo - isla roca partida core zone - investigation restricted use subzone,,,,Mexico
22956,Mexico,AIMEX59i,archipelago of revillagigedo - isla roca partida marine core zone - tourism restricted use subzone,,,,Mexico
22934,Mexico,AIMEX59c,archipelago of revillagigedo - isla san benedicto core zone - investigation restricted use subzone,,,,Mexico
22954,Mexico,AIMEX59h,archipelago of revillagigedo - isla san benedicto marine core zone - tourism restricted use subzone,,,,Mexico
22964,Mexico,AIMEX59n,archipelago of revillagigedo - isla socorro buffer zone - naval sector traditional use,,,,Mexico
22937,Mexico,AIMEX59e,archipelago of revillagigedo - isla socorro core zone - investigation restricted use subzone,,,,Mexico
22958,Mexico,AIMEX59j,archipelago of revillagigedo - isla socorro marine core zone - tourism restricted use subzone,,,,Mexico
22943,Mexico,AIMEX59g,archipelago of revillagigedo - marine core zone - investigation restricted use subzone,,,,Mexico
22923,Mexico,AIMEX59,archipelago of revillagigedo mpa,,,,Mexico
25192,South Africa,AIZAF83,langebaan lagoon marine protected area - langebaan lagoon controlled zone,2000,,,South Africa
25195,South Africa,AIZAF84,langebaan lagoon marine protected area - langebaan lagoon restricted zone,2000,,,South Africa
25196,South Africa,AIZAF85,langebaan lagoon marine protected area - langebaan lagoon sanctuary zone,2000,,,South Africa
21057,Mexico,AIMEX144b,arrecifes de sian ka'an - caapechén-boca paila and tampalam-pulticub subarea of sustainable use of marine natural resources,,,,Mexico
21264,Mexico,AIMEX160,islas marietas,,,,#N/A
21048,Mexico,AIMEX144a,"arrecifes de sian ka'an - yuyum, moox kaanab, tantaman and laguna caapechén preservation subarea",,,,Mexico
21180,Mexico,AIMEX152h,bahia loreto - marine and wetlands preservation area,,,,Mexico
21155,Mexico,AIMEX152f,bahia loreto - subarea of sustainable use of marine natural marine resources i,,,,Mexico
21178,Mexico,AIMEX152g,bahia loreto - subarea of sustainable use of marine natural marine resources ii,,,,Mexico
21194,Mexico,AIMEX152i,bahia loreto - traditional marine uses i,,,,Mexico
21207,Mexico,AIMEX152j,bahia loreto - traditional marine uses ii,,,,Mexico
21212,Mexico,AIMEX152k,bahia loreto - traditional marine uses iii - canal de ballenas,,,,Mexico
23011,Mexico,AIMEX71,balandra - balandra core zone,,,,Mexico
23012,Mexico,AIMEX72b,balandra - el merito core zone b,,,,Mexico
23014,Mexico,AIMEX73,balandra - la gaviota core zone,,,,Mexico
23004,Mexico,AIMEX68a,balandra - preservation subarea islands buffer zone,,,,Mexico
23007,Mexico,AIMEX68c,balandra - subarea of ​​sustainable use of natural resources faro de san rafaelito buffer zone,,,,Mexico
23006,Mexico,AIMEX68b,balandra - subarea of ​​traditional use false cove buffer zone,,,,Mexico
23009,Mexico,AIMEX68e,balandra - subarea of sustainable use la gaviota ecosystems buffer zone,,,,Mexico
23008,Mexico,AIMEX68d,balandra - subarea of sustainable use punta diablo buffer zone,,,,Mexico
21986,Mexico,AIMEX233c,banco chinchorro - cooperative catch-and-release sport fishing zone,,,,Mexico
21988,Mexico,AIMEX233d,banco chinchorro - cooperative commercial and sport fishing zone,,,,Mexico
21974,Mexico,AIMEX233b,banco chinchorro - cooperative fishing zone,,,,Mexico
21966,Mexico,AIMEX233a,banco chinchorro - core zones,,,,Mexico
22002,Mexico,AIMEX233e,banco chinchorro - diving zone,,,,Mexico
22005,Mexico,AIMEX233f,banco chinchorro - wreckage zone,,,,Mexico
21952,Mexico,AIMEX233,banco chinchorro biosphere reserve,,,,Mexico
21075,Mexico,AIMEX145,cabo pulmo,,2,High,Mexico
21083,Mexico,AIMEX146,cabo pulmo - las tachuelas sp1 core zone,,,,Mexico
21085,Mexico,AIMEX147,cabo pulmo - los manglares sp1 core zone,,,,Mexico
21079,Mexico,AIMEX145b,cabo pulmo - subarea of sustainable use of marine natural resources sasrn 1,,,,Mexico
20900,Mexico,AIMEX14,el faro,,,,Mexico
21584,Mexico,AIMEX195,playa de maruata y colola,,,,#N/A
21128,Mexico,AIMEX15,el faro (langosta),,,,Mexico
20791,Mexico,AIMEX11,el pardito,,,,Mexico
23021,Mexico,AIMEX97,el vizcaíno biosphere reserve,,,,Mexico
20800,Mexico,AIMEX113,el vizcaíno biosphere reserve - isla delgadito core zone,,,,Mexico
20786,Mexico,AIMEX108,el vizcaíno biosphere reserve - isla la asuncion core zone,,,,Mexico
20794,Mexico,AIMEX111,el vizcaíno biosphere reserve - isla malcomb core zone,,,,Mexico
23252,Mexico,AIMEX99,el vizcaíno biosphere reserve - isla natividad core zone,,,,Mexico
20789,Mexico,AIMEX109,el vizcaíno biosphere reserve - isla pelicano core zone,,,,Mexico
20792,Mexico,AIMEX110,el vizcaíno biosphere reserve - isla san ignacio core zone,,,,Mexico
20785,Mexico,AIMEX107,el vizcaíno biosphere reserve - isla san roque core zone,,,,Mexico
20798,Mexico,AIMEX112,el vizcaíno biosphere reserve - islotes delgadito core zone,,,,Mexico
20780,Mexico,AIMEX100,el vizcaíno biosphere reserve - laguna ojo de liebre i core zone,,,,Mexico
20781,Mexico,AIMEX102,el vizcaíno biosphere reserve - laguna ojo de liebre ii core zone,,,,Mexico
21620,Mexico,AIMEX217,isla de cozumel - porción norte y franja costera oriental,,,,#N/A
20782,Mexico,AIMEX105,el vizcaíno biosphere reserve - laguna ojo de liebre iii core zone,,,,Mexico
20784,Mexico,AIMEX106,el vizcaíno biosphere reserve - laguna ojo de liebre v core zone,,,,Mexico
23145,Mexico,AIMEX97a,el vizcaíno biosphere reserve - sustainable use of natural resources zone,,,,Mexico
21725,Mexico,AIMEX225f,espíritu santo archipelago marine zone - artificial reef public use subarea buffer zone,,,,Mexico
21726,Mexico,AIMEX226,espíritu santo archipelago marine zone - los islotes core zone,,,,Mexico
21728,Mexico,AIMEX227,espíritu santo archipelago marine zone - punta la bonanza core zone,,,,Mexico
21710,Mexico,AIMEX225a,espíritu santo archipelago marine zone - restricted use subarea los islotes-lobos core zone,,,,Mexico
21711,Mexico,AIMEX225b,espíritu santo archipelago marine zone - restricted use subarea los islotes-natación core zone,,,,Mexico
20779,Mexico,AIMEX10,estero san jose,,,,Mexico
20807,Mexico,AIMEX114c,huatulco national park - subarea of sustainable use of natural resources 2,,,,Mexico
20809,Mexico,AIMEX114d,huatulco national park - subarea of sustainable use of natural resources 3,,,,Mexico
20805,Mexico,AIMEX114b,huatulco national park - traditional use zone,,,,Mexico
20812,Mexico,AIMEX115,huatulco national park core zone - restricted use zone 2,,,,Mexico
21674,Mexico,AIMEX222,sistema arrecifal veracruzano,,,,#N/A
20822,Mexico,AIMEX120b,isla contoy - marine preservation subarea,,,,Mexico
20832,Mexico,AIMEX120f,"isla contoy - public use subarea, ixlaché",,,,Mexico
20831,Mexico,AIMEX120e,"isla contoy - public use subarea, visitors center",,,,Mexico
21703,Mexico,AIMEX225,espíritu santo archipelago marine zone,,3,High,#N/A
20828,Mexico,AIMEX120d,isla contoy - sustainable use subarea,,,,Mexico
20819,Mexico,AIMEX120a,isla contoy - terrestrial preservation subarea,,,,Mexico
21712,Mexico,AIMEX225c,espíritu santo archipelago marine zone - la partida-espíritu santo subarea of sustainable use,2007,1,High,#N/A
21719,Mexico,AIMEX225e,espíritu santo archipelago marine zone - piola y anzuelo traditional fishing subarea buffer zone,2007,4,High,#N/A
20826,Mexico,AIMEX120c,isla contoy - traditional use subarea,,,,Mexico
20845,Mexico,AIMEX121c,isla guadalupe - guadalupe island surrounding waters subarea of sustainable use of natural resources,,,,Mexico
20840,Mexico,AIMEX121a,isla guadalupe - island core zone subarea of restricted use,,,,Mexico
21730,Mexico,AIMEX228,espíritu santo archipelago marine zone - bahia san gabriel core zone,2007,5,High,#N/A
21731,Mexico,AIMEX229,islas del golfo de california,,,,#N/A
20853,Mexico,AIMEX122,isla guadalupe - islets core zone subarea of protection,,,,Mexico
20852,Mexico,AIMEX121d,isla guadalupe - white shark subarea of public use,,,,Mexico
20856,Mexico,AIMEX123b,isla isabel - public use zone,,,,Mexico
20855,Mexico,AIMEX123a,isla isabel - restricted use zone,,,,Mexico
20860,Mexico,AIMEX125,isla san pedro mártir - subarea of protection core zone,,,,Mexico
20858,Mexico,AIMEX124a,isla san pedro mártir - subarea of restricted use core zone,,,,Mexico
20859,Mexico,AIMEX124b,isla san pedro mártir - subarea of sustainable use of marine natural resources,,,,Mexico
22011,Mexico,AIMEX234,mexican caribbean biosphere reserve - caribe mexicano,,,,#N/A
22505,Mexico,AIMEX235b,islas del pacifico de la peninsula de baja california - buffer zones,,,,Mexico
22604,Mexico,AIMEX235c,islas del pacifico de la peninsula de baja california - cedros and san benito buffer zones,,,,Mexico
22467,Mexico,AIMEX235a,islas del pacifico de la peninsula de baja california - core zones,,,,Mexico
20863,Mexico,AIMEX126b,"islas la pajarera, cocinas, mamut, colorada, san pedro, san agustín, san andrés y negrita y los islotes los anegados, novillas, mosca y submarino - subzona de recuperación a, b and c",,,,Mexico
21217,Mexico,AIMEX156_1,islas marías,,,,Mexico
21241,Mexico,AIMEX156_22,islas marías - core zone - marina maría cleofas,,,,Mexico
21239,Mexico,AIMEX156_21,islas marías - core zone - marina maría magdalena,,,,Mexico
21238,Mexico,AIMEX156_20,islas marías - core zone - marina san juanito,,,,Mexico
21262,Mexico,AIMEX159,islas marías - isla maria cleofas core zone,,,,Mexico
21242,Mexico,AIMEX156a,islas marías - isla maria madres preservation area,,,,Mexico
21260,Mexico,AIMEX158,islas marías - isla maria magdalena core zone,,,,Mexico
21259,Mexico,AIMEX157,islas marías - isla san juanito core zone,,,,Mexico
21225,Mexico,AIMEX156_10,islas marías - marine recovery maria madre,,,,Mexico
21258,Mexico,AIMEX156c,islas marías - marine special use area,,,,Mexico
21250,Mexico,AIMEX156b,islas marías - marine sustainable use of natural resources area,,,,Mexico
21230,Mexico,AIMEX156_2,islas marias - restricted use - marine preservation islas marías,,,,Mexico
21279,Mexico,AIMEX162,islas marietas - isla larga protection zone pr1,,,,Mexico
21269,Mexico,AIMEX160e,islas marietas - isla larga public use zone 2,,,,Mexico
21277,Mexico,AIMEX161,islas marietas - isla redonda protection zone pr2,,,,Mexico
21271,Mexico,AIMEX160f,islas marietas - isla redonda public use zone 3,,,,Mexico
21268,Mexico,AIMEX160c,islas marietas - isla redonda restricted zone 3,,,,Mexico
21273,Mexico,AIMEX160g,islas marietas - subarea of sustainable use of natural resources,,,,Mexico
21281,Mexico,AIMEX163,la encrucijada,,,,Mexico
21299,Mexico,AIMEX166,laguna de términos,,,,Mexico
21406,Mexico,AIMEX178,los petenes,,,,Mexico
22992,Mexico,AIMEX64e,marine area of the san lorenzo archipelago - marine recovery subarea,2005,,,Mexico
22991,Mexico,AIMEX64d,marine area of the san lorenzo archipelago - salsipuedes public use subarea,2005,,,Mexico
22998,Mexico,AIMEX67,marine area of the san lorenzo archipelago - subarea of restricted use las ánimas-san lorenzo core zone,2005,,,Mexico
22994,Mexico,AIMEX65,marine area of the san lorenzo archipelago - subarea of restricted use partido y partida core zone,2005,,,Mexico
22368,Mexico,AIMEX235,islas del pacifico de la peninsula de baja california mpa,,,,#N/A
22996,Mexico,AIMEX66,marine area of the san lorenzo archipelago - subarea of restricted use rasito and rasa core zone,2005,,,Mexico
22975,Mexico,AIMEX64a,marine area of the san lorenzo archipelago - sub-area of sustainable use of natural resources archipelago buffer zone,2005,,,Mexico
22989,Mexico,AIMEX64c,marine area of the san lorenzo archipelago - sub-area of sustainable use of natural resources central west buffer zone,2005,,,Mexico
22984,Mexico,AIMEX64b,marine area of the san lorenzo archipelago - sub-area of sustainable use of natural resources salsipuedes-san lorenzo and las ánimas buffer zone,2005,,,Mexico
22832,Mexico,AIMEX52a,"marine zone los angeles bay, whale and salsipuedes channel - angel island and la guarda coast subarea of sustainable use buffer zone",,,,Mexico
22893,Mexico,AIMEX52e,"marine zone los angeles bay, whale and salsipuedes channel - assembly point-san francisquito and guadalupe, los angeles and las animas bays subarea of sustainable use buffer zone",,2,High,Mexico
22656,Mexico,AIMEX50,north gulf of california and colorado river delta,,,,#N/A
24963,South Africa,AIZAF29,namaqua national park marine protected area - abjoel inshore controlled zone,2019,,,South Africa
24987,South Africa,AIZAF30,namaqua national park marine protected area - bamboeskamp inshore controlled zone,2019,,,South Africa
22783,Mexico,AIMEX52,"marine zone los angeles bay, whale and salsipuedes channel",,3,High,#N/A
25040,South Africa,AIZAF31,namaqua national park marine protected area - bitterrivier inshore restricted zone,2019,,,South Africa
25093,South Africa,AIZAF32,namaqua national park marine protected area - boulderbaai inshore controlled zone,2019,,,South Africa
25112,South Africa,AIZAF33,namaqua national park marine protected area - boulderbaai inshore restricted zone,2019,,,South Africa
25113,South Africa,AIZAF34,namaqua national park marine protected area - delwerskamp inshore controlled zone,2019,,,South Africa
25117,South Africa,AIZAF36,namaqua national park marine protected area - groenrivier inshore restricted zone,2019,,,South Africa
22910,Mexico,AIMEX52f,"marine zone los angeles bay, whale and salsipuedes channel - el pescador-el torzón public use zone",2007,5,High,#N/A
25118,South Africa,AIZAF37,namaqua national park marine protected area - jaar se baai inshore restricted zone,2019,,,South Africa
25120,South Africa,AIZAF38,namaqua national park marine protected area - kwas se baai inshore restricted zone,2019,,,South Africa
25137,South Africa,AIZAF40,namaqua national park marine protected area - namaqua national park offshore restricted zone,2019,,,South Africa
25146,South Africa,AIZAF41,namaqua national park marine protected area - policeman’s helmet inshore controlled zone,2019,,,South Africa
25114,South Africa,AIZAF35,namaqua national park marine protected area- eiland punt inshore controlled zone,2019,,,South Africa
22918,Mexico,AIMEX53,"marine zone los angeles bay, whale and salsipuedes channel - campo polilla core zone",,,,Mexico
22865,Mexico,AIMEX52c,"marine zone los angeles bay, whale and salsipuedes channel - east of the angel island of la guarda- san rafael bay subarea of sustainable use buffer zone",,,,Mexico
22922,Mexico,AIMEX57,"marine zone los angeles bay, whale and salsipuedes channel - ensenada los choros core zone",,,,Mexico
22919,Mexico,AIMEX54,"marine zone los angeles bay, whale and salsipuedes channel - estero las caguamas este core zone",,,,Mexico
22921,Mexico,AIMEX55,"marine zone los angeles bay, whale and salsipuedes channel - estero las caguamas oeste core zone",,,,Mexico
22912,Mexico,AIMEX52g,"marine zone los angeles bay, whale and salsipuedes channel - los angeles bay beaches public use zone",,,,Mexico
22882,Mexico,AIMEX52d,"marine zone los angeles bay, whale and salsipuedes channel - refuge port-los machos subarea of sustainable use buffer zone",,,,Mexico
22840,Mexico,AIMEX52b,"marine zone los angeles bay, whale and salsipuedes channel - whale channel y de salsipuedes subarea of sustainable use buffer zone",,,,Mexico
22914,Mexico,AIMEX52h,"marine zone los angeles bay, whale and salsipuedes channel - whale shark public use zone",,,,Mexico
22360,Mexico,AIMEX234x,mexican caribbean biosphere reserve - buffer zone - preservation area - playa xcacel 1,,,,Mexico
22359,Mexico,AIMEX234w,mexican caribbean biosphere reserve - buffer zone - preservation area - playa xcacel 2,,,,Mexico
22361,Mexico,AIMEX234y,mexican caribbean biosphere reserve - buffer zone - preservation area - uaymil xahuayxol - uaymil,,,,Mexico
22366,Mexico,AIMEX234z,mexican caribbean biosphere reserve - buffer zone - preservation area - uaymil xahuayxol - xahuayxol,,,,Mexico
22966,Mexico,AIMEX64,marine area of the san lorenzo archipelago national park,,,,#N/A
22162,Mexico,AIMEX234ah,mexican caribbean biosphere reserve - buffer zone - public use area - isla blanca,,,,Mexico
22149,Mexico,AIMEX234ae,mexican caribbean biosphere reserve - buffer zone - public use area - playa del carmen y tulum-sian ka'an - playa del carmen,,,,Mexico
22161,Mexico,AIMEX234ag,mexican caribbean biosphere reserve - buffer zone - public use area - playa del carmen y tulum-sian ka'an - tulum-sian ka'an,,,,Mexico
22145,Mexico,AIMEX234ac,mexican caribbean biosphere reserve - buffer zone - public use area - refugio akumal franja marino costera,,,,Mexico
22144,Mexico,AIMEX234ab,mexican caribbean biosphere reserve - buffer zone - public use area - refugio bahía de akumal,,,,Mexico
22140,Mexico,AIMEX234aa,mexican caribbean biosphere reserve - buffer zone - public use area - riviera maya mahahual - mahahual,,,,Mexico
22152,Mexico,AIMEX234af,mexican caribbean biosphere reserve - buffer zone - public use area - riviera maya mahahual - riviera maya,,,,Mexico
22148,Mexico,AIMEX234ad,mexican caribbean biosphere reserve - buffer zone - public use area - tiburón toro,,,,Mexico
23001,Mexico,AIMEX68,balandra mpa,,,,#N/A
22189,Mexico,AIMEX234j,mexican caribbean biosphere reserve - buffer zone - special use sand extraction area - las ollitas,,,,Mexico
22191,Mexico,AIMEX234k,mexican caribbean biosphere reserve - buffer zone - special use sand extraction area - norte cozumel,,,,Mexico
22353,Mexico,AIMEX234u,mexican caribbean biosphere reserve - buffer zone - sustainable use of ecosystems - arrowsmith,,,,Mexico
22315,Mexico,AIMEX234n,mexican caribbean biosphere reserve - buffer zone - sustainable use of ecosystems - costa norte,,,,Mexico
22336,Mexico,AIMEX234p,mexican caribbean biosphere reserve - buffer zone - sustainable use of ecosystems - laguna chacmochuch,,,,Mexico
25220,USA,HI14_B,old kona airport marine life conservation district - no boating zone,1992,,,United States
22238,Mexico,AIMEX234m,mexican caribbean biosphere reserve - buffer zone - sustainable use of ecosystems - marine ecosystems,,,,Mexico
22322,Mexico,AIMEX234o,mexican caribbean biosphere reserve - buffer zone - sustainable use of ecosystems - talud de sian ka'an,,,,Mexico
23015,Mexico,AIMEX74,"costa occidental de isla mujeres, punta cancun and punta nizuc",,,,#N/A
22194,Mexico,AIMEX234l,mexican caribbean biosphere reserve - buffer zone - sustainable use of ecosystems - tiburón ballena,,,,Mexico
22344,Mexico,AIMEX234q,mexican caribbean biosphere reserve - buffer zone - sustainable use of ecosystems - tiburones y rayas - bolas,,,,Mexico
22345,Mexico,AIMEX234r,mexican caribbean biosphere reserve - buffer zone - sustainable use of ecosystems - tiburones y rayas - boya de cruceros,,,,Mexico
23255,Mozambique,AIMOZ16,ponto do ouro marine reserve,,,,#N/A
23276,Mozambique,AIMOZ4,bazaruto archipelago national park,,,,#N/A
23297,Mozambique,AIMOZ9,cabo de são sebastião sanctuary or total protection zone,,,,#N/A
22346,Mexico,AIMEX234s,mexican caribbean biosphere reserve - buffer zone - sustainable use of ecosystems - tiburones y rayas - cordillera nizuc,,,,Mexico
22347,Mexico,AIMEX234t,mexican caribbean biosphere reserve - buffer zone - sustainable use of ecosystems - tiburones y rayas - válvulas,,,,Mexico
22165,Mexico,AIMEX234c,mexican caribbean biosphere reserve - core zone restricted use area - humedales de boca iglesias,,,,Mexico
22167,Mexico,AIMEX234d,mexican caribbean biosphere reserve - core zone restricted use area - laguna chacmochuch,,,,Mexico
22170,Mexico,AIMEX234e,mexican caribbean biosphere reserve - core zone restricted use area - zona marina xcacel-xcacelito,,,,Mexico
22173,Mexico,AIMEX234i,mexican caribbean biosphere reserve - deep buffer zone & deep preservation zone - arrowsmith corridor,,,,Mexico
22171,Mexico,AIMEX234f,mexican caribbean biosphere reserve - deep core zone restricted use area - banco chinchorro profundo,,,,Mexico
20814,Mexico,AIMEX12,norte de san francisquito,,,,Mexico
22763,Mexico,AIMEX51a,north gulf of california and colorado river delta - vaquita protection area,,,,Mexico
22737,Mexico,AIMEX51,north gulf of california and colorado river delta core zone,,,,Mexico
22654,Mexico,AIMEX236b,pacifico mexicano profundo - buffer zones,,,,Mexico
23342,Niue,AINIU8,niue moana mahu marine protected area,,,,#N/A
22653,Mexico,AIMEX236a,pacifico mexicano profundo - core zones,,,,Mexico
22650,Mexico,AIMEX236,pacifico mexicano profundo mpa,,,,Mexico
21633,Mexico,AIMEX217c,"porción norte y la franja costera oriental, terrestres y marinas de la isla de cozumel - marine and coastal sustainable use subarea",,,,Mexico
21645,Mexico,AIMEX217d,"porción norte y la franja costera oriental, terrestres y marinas de la isla de cozumel - passion island public use subarea",,,,Mexico
21632,Mexico,AIMEX217a,"porción norte y la franja costera oriental, terrestres y marinas de la isla de cozumel - restricted use micro-atolls subarea",,,,Mexico
20865,Mexico,AIMEX13,punta coyote,,,,Mexico
21387,Mexico,AIMEX175,ría celestún,,,,Mexico
21397,Mexico,AIMEX175a,ría celestún - subarea of sustainable use of acuatic natural resources,,,,Mexico
23410,Netherlands,AINLD3,doggersbank,,,,#N/A
23478,Netherlands,AINLD4,doggersbank,,,,#N/A
23546,Netherlands,AINLD5,friese front,,,,#N/A
21449,Mexico,AIMEX184,sian ka'an,,,,Mexico
21510,Mexico,AIMEX184c,sian ka'an - cayo culebras restricted use subarea core zone,,,,Mexico
21563,Mexico,AIMEX184r,sian ka'an - coastal-marine boca paila ​​sustainable utilization of natural resources subarea,,,,Mexico
21528,Mexico,AIMEX184i,sian ka'an - fishing refuges preservation subarea,,,,Mexico
21500,Mexico,AIMEX184b,sian ka'an - fondos de las bahías restricted use subarea core zone,,,,Mexico
21514,Mexico,AIMEX184e,"sian ka'an - punta nilut, cayo culebras, lagunas pájaros and tres marías preservation subareas",,,,Mexico
21533,Mexico,AIMEX184j,sian ka'an - sustainable use of marine natural resources areas subareas,,,,Mexico
21523,Mexico,AIMEX184h,"sian ka'an - yuyum-mario lara, moox kaanab and tantaman marine preservation subareas",,,,Mexico
24761,South Africa,AIZAF229,pondoland marine protected area - inshore controlled zone,2004,,,South Africa
24766,South Africa,AIZAF230,pondoland marine protected area - inshore controlled zone,2004,,,South Africa
24767,South Africa,AIZAF231,pondoland marine protected area - inshore controlled zone,2004,,,South Africa
24768,South Africa,AIZAF232,pondoland marine protected area - inshore controlled zone,2004,,,South Africa
24769,South Africa,AIZAF233,pondoland marine protected area - inshore controlled zone,2004,,,South Africa
24772,South Africa,AIZAF234,pondoland marine protected area - inshore restricted zone,2004,,,South Africa
24774,South Africa,AIZAF235,pondoland marine protected area - inshore restricted zone,2004,,,South Africa
24775,South Africa,AIZAF236,pondoland marine protected area - inshore restricted zone,2004,,,South Africa
23736,Panama,AIPAN24,parque nacional coiba- marine reserve zone,2006,5,High,#N/A
24778,South Africa,AIZAF237,pondoland marine protected area - inshore restricted zone,2004,,,South Africa
24780,South Africa,AIZAF238,pondoland marine protected area - offshore controlled zone,2004,,,South Africa
24786,South Africa,AIZAF239,pondoland marine protected area - offshore controlled zone,2004,,,South Africa
24790,South Africa,AIZAF240,pondoland marine protected area - offshore restricted zone,2004,,,South Africa
20880,Mexico,AIMEX139a,sistema arrecifal lobos-tuxpan - preservation subarea,,,,Mexico
20898,Mexico,AIMEX139e,sistema arrecifal lobos-tuxpan - recovery subarea,,,,Mexico
20897,Mexico,AIMEX139d,sistema arrecifal lobos-tuxpan - subarea of public use,,,,Mexico
20885,Mexico,AIMEX139b,sistema arrecifal lobos-tuxpan - subarea of sustainable use of natural resources,,,,Mexico
21700,Mexico,AIMEX223,sistema arrecifal veracruzano - blanca core zone,2012,,,Mexico
21687,Mexico,AIMEX222a,sistema arrecifal veracruzano - buffer area,2012,,,Mexico
21702,Mexico,AIMEX224,sistema arrecifal veracruzano - santiaguillo core zone,2012,,,Mexico
20930,Mexico,AIMEX140a,tiburón ballena biosphere reserve - coastal marine​​ lobster refuges subarea of preservation,,,,Mexico
20961,Mexico,AIMEX140c,tiburón ballena biosphere reserve - northeast of cabo catoche cuevas and corales public use subarea,,,,Mexico
20934,Mexico,AIMEX140b,tiburón ballena biosphere reserve - pelágicos mayores subarea of sustainable use of natural resources,,,,Mexico
20963,Mexico,AIMEX143,yum balam flora and fauna protection area,2008,,,Mexico
21008,Mexico,AIMEX143b,yum balam flora and fauna protection area - human settlements areas,2008,,,Mexico
21022,Mexico,AIMEX143d,yum balam flora and fauna protection area - preservation areas,2008,,,Mexico
21010,Mexico,AIMEX143c,yum balam flora and fauna protection area - preservation wetlands areasyum balam flora and fauna protection area - preservation wetlands areas,2008,,,Mexico
20986,Mexico,AIMEX143a,yum balam flora and fauna protection area - sustainable use of natural resources areas,2008,,,Mexico
23348,Netherlands,AINLD11,bollen van de ooster,,,,Netherlands
25075,South Africa,AIZAF319,prince edward island marine protected area - africana ii rise restricted zone,2013,,,South Africa
25095,South Africa,AIZAF320,prince edward island marine protected area - prince edward island controlled zone,2013,,,South Africa
25099,South Africa,AIZAF321,prince edward island marine protected area - prince edward island restricted zone,2013,,,South Africa
25101,South Africa,AIZAF322,prince edward island marine protected area - prince edward island sanctuary zone,2013,,,South Africa
23352,Netherlands,AINLD12,bollen van het nieuwe zand,,,,Netherlands
24808,South Africa,AIZAF245,protea banks marine protected area - protea banks controlled zone,2019,,,South Africa
24814,South Africa,AIZAF246,protea banks marine protected area - protea banks controlled-pelagic linefish zone,2019,,,South Africa
24815,South Africa,AIZAF247,protea banks marine protected area - protea banks restricted zone,2019,,,South Africa
23344,Netherlands,AINLD10,hinderplaat,,,,Netherlands
23573,Netherlands,AINLD6,klaverbank,2016,,,Netherlands
23356,Netherlands,AINLD14,middelplaat,,,,Netherlands
23594,Netherlands,AINLD7,noordzee kustzone,,,,Netherlands
23354,Netherlands,AINLD13,slikken van voorne,,,,Netherlands
23646,Netherlands,AINLD9,voordelta,2009,,,Netherlands
23330,Niue,AINIU3,niue nukutuluea multiple-use marine park,,1,High,Niue
23336,Niue,AINIU4,niue nukutuluea multiple-use marine park- conservation and sustainable use zone,,3,High,Niue
23340,Niue,AINIU6,niue nukutuluea multiple-use marine park- ocean general use zone,,,,Niue
23338,Niue,AINIU5,niue nukutuluea multiple-use marine park- restricted commercial use zone,,,,Niue
23681,Norway,AINOR1136,fjellknausene,,,,Norway
23670,Norway,AINOR1128,fugløyrevene,,,,Norway
23671,Norway,AINOR1129,hola,,,,Norway
23682,Norway,AINOR1137,midtsundrevet i sandsfjorden,,,,Norway
23684,Norway,AINOR1139,nakken,,,,Norway
23677,Norway,AINOR1134,rauerfjorden,,,,Norway
23673,Norway,AINOR1133,søndre søster,,,,Norway
23683,Norway,AINOR1138,straumsneset,,,,Norway
23679,Norway,AINOR1135,tisler,,,,Norway
23686,Pakistan,AIPAK3,astola island marine protected area,,,,Pakistan
23695,Pakistan,AIPAK4,hingol national park,1988,,,Pakistan
23709,Panama,AIPAN19,coiba national park and its special zone of marine protection (szmp)- resource management zone,2004,3,High,Panama
23760,Panama,AIPAN25,parque nacional coiba- transit area,,,,Panama
23765,Peru,AIPER122,islas macabí- direct use zone,,,,Peru
23769,Peru,AIPER157,islote corcovado- direct use zone,,,,Peru
23781,Peru,AIPER368,punta atico - direct use zone,,,,Peru
23772,Peru,AIPER172,punta colorado - direct use zone,,,,Peru
23846,Republic of Palau,AIPLW13,angaur permanent protected area,,,,#N/A
23771,Peru,AIPER170,punta culebras - direct use zone,,,,Peru
23851,Republic of Palau,AIPLW15,ngeruangel marine reserve,,,,#N/A
23775,Peru,AIPER175,punta la litera - direct use zone,,,,Peru
23856,Republic of Palau,AIPLW31,bkulengriil conservation area,,,,#N/A
23858,Republic of Palau,AIPLW32,mokad recreation zone,,,,#N/A
23779,Peru,AIPER361,punta lomas - direct use zone,,,,Peru
23861,Poland,AIPOL35,woliński national park,,,,#N/A
23869,Poland,AIPOL36,ptasi raj,,,,#N/A
23806,Philippines,AIPHL433,alonon mpa,,,,Philippines
23890,Portugal,AIPRT128,rocha do navio,,,,#N/A
25212,South Africa,AIZAF98,robben island marine protected area - robben island inner controlled zone,2019,,,South Africa
25216,South Africa,AIZAF99,robben island marine protected area - robben island middle controlled zone,2019,,,South Africa
24613,South Africa,AIZAF101,robben island marine protected area - robben island restricted zone,2019,,,South Africa
23807,Philippines,AIPHL435,balisungan marine protected area,,,,Philippines
23834,Philippines,AIPHL509,barangonan mpa,,,,Philippines
23791,Philippines,AIPHL410,bogtong-sagrado mpa,,,,Philippines
23803,Philippines,AIPHL427,buenavista mpa,,,,Philippines
23815,Philippines,AIPHL455,bulalacao mpa,,,,Philippines
23823,Philippines,AIPHL481,burabod mpa,,,,Philippines
23826,Philippines,AIPHL493,cabunlawan mpa,,,,Philippines
23784,Philippines,AIPHL20,capasuan vatang-charakuhan marine sanctuary,,,,Philippines
23783,Philippines,AIPHL169,catmon marine protected area,,,,Philippines
23785,Philippines,AIPHL21,chavayan marine protected area,,,,Philippines
24230,São Tomé and Príncipe,AISTP4,parque natural obo do principe,,,,#N/A
24234,Suriname,AISUR3,galibi,,,,#N/A
23818,Philippines,AIPHL459,chindonan mpa,,,,Philippines
23828,Philippines,AIPHL503,colaylayan mpa,,,,Philippines
24259,Sweden,AISWE797,falsterbo-foteviken,,,,#N/A
23798,Philippines,AIPHL424,decabobo mpa,,,,Philippines
23805,Philippines,AIPHL431,demelias mpa,,,,Philippines
24286,Turks and Caicos Islands,AITC10,grand turk cays land and sea national park,,,,#N/A
24289,Turks and Caicos Islands,AITC11,north west point marine national park,,,,#N/A
24291,Turks and Caicos Islands,AITC13,west caicos marine national park,,,,#N/A
24293,Turks and Caicos Islands,AITC14,princess alexandra land and sea national park,,,,#N/A
24296,Turks and Caicos Islands,AITC15,admiral cockburn land and sea national park,,,,#N/A
24297,Turks and Caicos Islands,AITC25,admiral cockburn nature reserve,,,,#N/A
24299,Turks and Caicos Islands,AITC5,columbus landfall marine national park,,,,#N/A
24301,Turks and Caicos Islands,AITC8,east bay islands national park,,,,#N/A
24305,Turks and Caicos Islands,AITC9,fort george land and sea national park,,,,#N/A
24309,Thailand,AITHA12,hat noppharat thara-mu ko phi phi marine national park,,,,#N/A
24322,Thailand,AITHA14,mu ko lanta marine national park,,,,#N/A
24332,Thailand,AITHA25,mu ko surin marine national park,,,,#N/A
24336,Thailand,AITHA42,ko change marine national park,,,,#N/A
23809,Philippines,AIPHL443,dipulao mpa,,,,Philippines
23820,Philippines,AIPHL464,galoc mpa,,,,Philippines
24367,Thailand,AITHA8,hat chao mai marine national park,,,,#N/A
24382,Tonga,AITON3,ha'atafu beach reserve,,,,#N/A
24383,Tonga,AITON6,hakaumama'o reef reserve,,,,#N/A
24385,Tonga,AITON7,malinoa island park and reef reserve,,,,#N/A
24386,Tonga,AITON8,monuafe island park and reef reserve,,,,#N/A
24387,Tonga,AITON9,pangaimotu reef reserve,1979,1,High,#N/A
24388,Trinidad and Tobago,AITT14,buccoo reef marine reserve,,,,#N/A
23786,Philippines,AIPHL22,imnajbu marine sanctuary,,,,Philippines
23837,Philippines,AIPHL516,kalibangbangan island mpa 1,,,,Philippines
23838,Philippines,AIPHL517,kalibangbangan island mpa 2,,,,Philippines
23811,Philippines,AIPHL445,lajala mpa,,,,Philippines
23836,Philippines,AIPHL512,little maosonon mpa,,,,Philippines
23841,Philippines,AIPHL599,lolo bay mpa seagrass core zone,,,,Philippines
23794,Philippines,AIPHL415,lusong mpa,,,,Philippines
23792,Philippines,AIPHL413,maglalambay mpa 1,,,,Philippines
23793,Philippines,AIPHL414,maglalambay mpa 2,,,,Philippines
23824,Philippines,AIPHL490,magranting island mpa,,,,Philippines
23822,Philippines,AIPHL478,mancio mpa,,,,Philippines
24438,Tanzania,AITZA12,chumbe island coral park,,,,#N/A
23839,Philippines,AIPHL594,mantaquin bay mpa seagrass cove,,,,Philippines
23827,Philippines,AIPHL499,maroyogroyog mpa,,,,Philippines
24443,Tanzania,AITZA23,mafia island marine park,,,,#N/A
23810,Philippines,AIPHL444,minugbay-malbato-tagpi mpa,,,,Philippines
23804,Philippines,AIPHL428,minukbay pt mpa,,,,Philippines
23787,Philippines,AIPHL23,nakanmuan marine sanctuary,,,,Philippines
24467,Tanzania,AITZA36,maziwe island marine reserve,,,,#N/A
24469,Tanzania,AITZA37,menai bay conservation area,,,,#N/A
24480,Tanzania,AITZA4,bongoyo island marine reserve - dar es salaam system,,,,#N/A
24482,Tanzania,AITZA42,mnazi bay-ruvuma estuary,2000,1,High,#N/A
23825,Philippines,AIPHL491,nanga island mpa,,,,Philippines
24492,Tanzania,AITZA5,mbudya island marine reserve - dar es salaam system,,,,#N/A
23790,Philippines,AIPHL407,panlaitan mpa,,,,Philippines
23835,Philippines,AIPHL511,pical mpa,,,,Philippines
24503,Tanzania,AITZA6,pangavini island marine reserve - dar es salaam system,,,,#N/A
24504,Tanzania,AITZA7,fungu yasini island marine reserve - dar es salaam system,,,,#N/A
23833,Philippines,AIPHL508,pical mpa 2,,,,Philippines
23800,Philippines,AIPHL425,proposed malawig mpa,,,,Philippines
24509,Uruguay,AIURY13,cabo polonio,,,,#N/A
24515,Uruguay,AIURY21,laguna de rocha,,,,#N/A
24524,Uruguay,AIURY34,isla de flores,,,,#N/A
23817,Philippines,AIPHL458,quaming mpa,,,,Philippines
23797,Philippines,AIPHL423,sablandepoy pt mpa,,,,Philippines
23821,Philippines,AIPHL474,saddle rock mpa,,,,Philippines
24532,Saint Vincent and the Grenadines,AIVC14,all awash island wildlife reserve,,,,#N/A
24533,Saint Vincent and the Grenadines,AIVC15,battowia island wildlife reserve,,,,#N/A
24534,Saint Vincent and the Grenadines,AIVC16,big cay wildlife reserve,,,,#N/A
24535,Saint Vincent and the Grenadines,AIVC17,catholic rocks wildlife reserve,,,,#N/A
24536,Saint Vincent and the Grenadines,AIVC18,catholic island wildlife reserve,,,,#N/A
24537,Saint Vincent and the Grenadines,AIVC19,chateaubelair islet wildlife reserve,,,,#N/A
24538,Saint Vincent and the Grenadines,AIVC20,frigate island wildlife reserve,,,,#N/A
24539,Saint Vincent and the Grenadines,AIVC21,lapaz rock wildlife reserve,,,,#N/A
24540,Saint Vincent and the Grenadines,AIVC23,petit canouan wildlife reserve,,,,#N/A
23788,Philippines,AIPHL405,salvacion island mpa,,,,Philippines
24542,Saint Vincent and the Grenadines,AIVC25,pigeon island wildlife reserve,,,,#N/A
24543,Saint Vincent and the Grenadines,AIVC26,sail rock wildlife reserve,,,,#N/A
24544,Saint Vincent and the Grenadines,AIVC27,savan island wildlife reserve,,,,#N/A
24545,Saint Vincent and the Grenadines,AIVC28,west cay wildlife reserve,,,,#N/A
24546,Saint Vincent and the Grenadines,AIVC29,young island wildlife reserve,,,,#N/A
23789,Philippines,AIPHL406,san isidro mpa,,,,Philippines
23795,Philippines,AIPHL420,san jose mpa,,,,Philippines
23843,Philippines,AIPHL622,san miguel mpa,,,,Philippines
23829,Philippines,AIPHL506,san nicolas mpa,,,,Philippines
23813,Philippines,AIPHL447,sangat-decalve mpa,,,,Philippines
23871,Poland,AIPOL4,bay of puck,,,,Poland
20778,Republic of Maldives,AIMDV76,k. maldives victory wreck,,,,Maldives
23847,Republic of Palau,AIPLW14,helen reef conservation area,2004,,,Palau
23854,Republic of Palau,AIPLW18,ngemelis island complex,1999,,,Palau
23859,Republic of Palau,AIPLW3a,palau national marine sanctuary,2015,,,Palau
23919,Russia,AIRUS53,dagestanskij,,,,Russian Federation
23928,Russia,AIRUS54,dal`nevostochnyj morskoj,,,,Russian Federation
23944,Russia,AIRUS98,komandorskij,,,,Russian Federation
23892,Russia,AIRUS101,koryakskij,,,,Russian Federation
24187,"Saint Helena, Ascension and Tristan da Cunha Overseas Teritory of the United Kingdom of Great Britain and Northern Ireland",AISHN11,st. helena marine protected area,,,,"Saint Helena, Ascension and Tristan da Cunha Overseas Teritory of the United Kingdom of Great Britain and Northern Ireland"
24203,"Saint Helena, Ascension and Tristan da Cunha Overseas Teritory of the United Kingdom of Great Britain and Northern Ireland",AISHN8,tristan da cunha inshore fishing zones,,,,"Saint Helena, Ascension and Tristan da Cunha Overseas Teritory of the United Kingdom of Great Britain and Northern Ireland"
24175,"Saint Helena, Ascension and Tristan da Cunha Overseas Teritory of the United Kingdom of Great Britain and Northern Ireland",AISHN10,tristan da cunha recommended areas to be avoided,,,,"Saint Helena, Ascension and Tristan da Cunha Overseas Teritory of the United Kingdom of Great Britain and Northern Ireland"
24215,"Saint Helena, Ascension and Tristan da Cunha Overseas Teritory of the United Kingdom of Great Britain and Northern Ireland",AISHN9,tristan da cunha seamount fishing zones,,,,"Saint Helena, Ascension and Tristan da Cunha Overseas Teritory of the United Kingdom of Great Britain and Northern Ireland"
24541,Saint Vincent and the Grenadines,AIVC24,petit st. vincent wildlife reserve,1987,,,St. Vincent and the Grenadines
24526,Saint Vincent and the Grenadines,AIVC12a,tobago cays marine park,,,,St. Vincent and the Grenadines
24528,Saint Vincent and the Grenadines,AIVC12b,tobago cays marine park management zone,,,,St. Vincent and the Grenadines
24530,Saint Vincent and the Grenadines,AIVC12c,tobago cays marine park protection zone,,,,St. Vincent and the Grenadines
24275,Seychelles,AISYC62,aldabra atoll,,,,Seychelles
20376,South Korea,AIKOR3,booanjulpo bay mud flat protected wetland,,,,"Korea, Rep."
20382,South Korea,AIKOR4,bosung beolgyo mud flat protected wetland,,,,"Korea, Rep."
20302,South Korea,AIKOR10,garorim bay protected marine area,,,,"Korea, Rep."
20308,South Korea,AIKOR11,gochang mud flat protected wetland,,,,"Korea, Rep."
20318,South Korea,AIKOR16,moosan mud flat protected wetland,,,,"Korea, Rep."
24615,South Africa,AIZAF109,helderberg marine protected area,,,,#N/A
20323,South Korea,AIKOR19,ongjin jangbong island mud flat protected wetland,,,,"Korea, Rep."
24623,South Africa,AIZAF112,betty's bay marine protected area,,,,#N/A
20332,South Korea,AIKOR22,seocheon mud flat protected wetland,,,,"Korea, Rep."
24631,South Africa,AIZAF137,de hoop marine protected area,,,,#N/A
24642,South Africa,AIZAF145,stilbaai marine protected area,,,,#N/A
20370,South Korea,AIKOR28,songdo mud flat protected wetland,,,,"Korea, Rep."
20374,South Korea,AIKOR29,sooncheon bay mud flat protected wetland,2014,,,"Korea, Rep."
5615,Spain,AIESP209,árees emergides de les illes columbretes,,,,Spain
24648,South Africa,AIZAF158,garden route national park,,1,High,#N/A
24666,South Africa,AIZAF160,tsitsikamma marine protected area,,4,High,#N/A
5639,Spain,AIESP22,cap de barbaria,,,,Spain
5646,Spain,AIESP240,cap de creus,,2,High,Spain
5566,Spain,AIESP113,cap enderrocat - cap blanc,,2,High,Spain
24679,South Africa,AIZAF164,tsitsikamma marine protected area - tsitsikamma restricted zone,1964,5,High,#N/A
24688,South Africa,AIZAF166,goukamma marine protected area,,,,#N/A
24692,South Africa,AIZAF189,sardinia bay marine protected area,,,,#N/A
24694,South Africa,AIZAF205,amathole offshore marine protected area,,,,#N/A
5989,Spain,AIESP82,d'addaia a s'albufera,,,,Spain
5618,Spain,AIESP213,delta de l'ebre,,,,Spain
5659,Spain,AIESP256,el montgrí- les medes - el baix ter,,2,High,Spain
25238,USA,VI30a,st. croix east end marine park - no-take zones,2003,,,United States
24716,South Africa,AIZAF211,amathole marine protected area,,,,#N/A
24728,South Africa,AIZAF219,dwesa-cwebe marine protected area,,,,#N/A
25241,USA,VI30c,st. croix east end marine park - recreational zone,2003,,,United States
25240,USA,VI30b,st. croix east end marine park - wildlife preserve zone,2003,,,United States
5776,Spain,AIESP40,es vedrà - es vedranell,,,,Spain
5616,Spain,AIESP210,espacio marino de orpesa i benicàssim,,,,Spain
5751,Spain,AIESP357,espacio marino de tabarca,,2,High,Spain
24644,South Africa,AIZAF146,stilbaai marine protected area - geelkrans restricted zone,2008,,,South Africa
24744,South Africa,AIZAF227,hluleka marine protected area,,,,#N/A
24746,South Africa,AIZAF228,pondoland marine protected area,,,,#N/A
24646,South Africa,AIZAF149,stilbaai marine protected area - skulpiesbaai restricted zone,2008,,,South Africa
24647,South Africa,AIZAF150,stilbaai marine protected area - stillbaai controlled zone,2008,,,South Africa
5613,Spain,AIESP202,espacio marino del entorno de illes columbretes,,2,High,Spain
5994,Spain,AIESP88,illa de l'aire,,,,Spain
25164,South Africa,AIZAF66,table mountain national park marine protected area - cape of good hope restricted zone,1998,,,South Africa
25159,South Africa,AIZAF63,table mountain national park marine protected area - karbonkelberg restricted zone,1998,,,South Africa
25168,South Africa,AIZAF67,table mountain national park marine protected area - paulsberg restricted zone,1998,,,South Africa
25169,South Africa,AIZAF68,table mountain national park marine protected area - st james restricted zone,1998,,,South Africa
5779,Spain,AIESP41,illots de ponent d'eivissa,,,,Spain
23685,New Zealand,AINZL1244,taiaroa head wildlife sanctuary,1979,,,New Zealand
5658,Spain,AIESP25,la mola,,,,Spain
5777,Spain,AIESP401,l'almadrava,,,,Spain
24800,South Africa,AIZAF242,trafalgar marine protected area,,,,#N/A
24802,South Africa,AIZAF244,protea banks marine protected area,,,,#N/A
5813,Spain,AIESP53,mallorca channel,,2,High,Spain
5607,Spain,AIESP196,prat de cabanes i torreblanca,,,,Spain
5887,Spain,AIESP637,ría de villaviciosa,,,,Spain
24818,South Africa,AIZAF248,aliwal shoal marine protected area,,,,#N/A
5820,Spain,AIESP540,ría del eo,,,,Spain
5572,Spain,AIESP124,sa dragonera,,,,Spain
5940,Spain,AIESP72,s'albufera des grau,,,,Spain
5610,Spain,AIESP199,serra d'irta,,,,Spain
5601,Spain,AIESP16,ses salines d'eivissa i formentera,,1,High,Spain
5674,Spain,AIESP30,tagomago,,,,Spain
20446,Sri Lanka,AILKA4,adam's bridge marine national park,,,,Sri Lanka
20455,Sri Lanka,AILKA8,great basses and little basses sanctuary,,,,Sri Lanka
20452,Sri Lanka,AILKA7,kayankerni marine sanctuary,,,,Sri Lanka
24237,Sweden,AISWE1459,kosterfjorden-väderöfjorden,,,,Sweden
24256,Sweden,AISWE752,södra bråviken,,,,Sweden
24844,South Africa,AIZAF263,uthukela marine protected area,,,,#N/A
24273,Sweden,AISWE848,skälderviken,,,,Sweden
24506,Tanzania,AITZA8,kendwa island marine reserve - dar es salaam system,,,,Tanzania
24439,Tanzania,AITZA19,kirui island marine reserve,,,,Tanzania
24442,Tanzania,AITZA21,kwale island marine reserve,,,,Tanzania
24507,Tanzania,AITZA9,makatube island marine reserve - dar es salaam system,,,,Tanzania
24463,Tanzania,AITZA30,mbarakuni island marine reserve,,,,Tanzania
24491,Tanzania,AITZA47,mwewe island marine reserve,,,,Tanzania
24900,South Africa,AIZAF276,isimangaliso marine protected area,,,,#N/A
24457,Tanzania,AITZA28,nyororo marine reserve,,,,Tanzania
24461,Tanzania,AITZA29,shungi mbili island marine reserve,,,,Tanzania
24436,Tanzania,AITZA10,sinda island marine reserve - dar es salaam system,,,,Tanzania
24932,South Africa,AIZAF28,namaqua national park marine protected area,,,,#N/A
24493,Tanzania,AITZA51,tanga coelacanth marine park,,,,Tanzania
24502,Tanzania,AITZA56,ulenge island marine reserve,,,,Tanzania
24357,Thailand,AITHA7,ao phang nga marine national park,,,,Thailand
24352,Thailand,AITHA45,mu ko ang thong national marine park,,,,Thailand
23357,The Netherlands,AINLD20,haringvliet,,,,Netherlands
23364,The Netherlands,AINLD21,ijsselmeer,,,,Netherlands
23393,The Netherlands,AINLD25,oosterschelde,,,,Netherlands
24423,Tunisia,AITUN31,bahiret el bibane,,,,Tunisia
24407,Tunisia,AITUN25,complexe des zones humides de sebkhet oum ez-zessar et sebkhet el grine,,,,Tunisia
24418,Tunisia,AITUN30,djerba bin el ouedian,,,,Tunisia
24414,Tunisia,AITUN27,djerba guellala,,,,Tunisia
24410,Tunisia,AITUN26,djerba ras rmel,,,,Tunisia
24400,Tunisia,AITUN17,lagunes du cap bon oriental,,,,Tunisia
24389,Tunisia,AITUN14,"parc national de zembra et zembretta - zone a, central area of ​​integral protection",,,,Tunisia
24392,Tunisia,AITUN15,"parc national de zembra et zembretta - zone b, partial protection buffer zone",,,,Tunisia
24396,Tunisia,AITUN16,"parc national de zembra et zembretta - zone c, transition and sustainable development area",,,,Tunisia
24404,Tunisia,AITUN22,salines de thyna,,,,Tunisia
24036,United Kingdom,AISGSSI4,south georgia 30km no-take zone,,,,United Kingdom
24134,United Kingdom,AISGSSI5,south georgia clerke/shag rocks no-take zone,,,,United Kingdom
24139,United Kingdom,AISGSSI7,south sandwich 50km no-take zone,,,,United Kingdom
24675,South Africa,AIZAF161,tsitsikamma marine protected area - tsitsikamma coastal control zone 1,2000,,,South Africa
24676,South Africa,AIZAF162,tsitsikamma marine protected area - tsitsikamma coastal control zone 2,2000,,,South Africa
24677,South Africa,AIZAF163,tsitsikamma marine protected area - tsitsikamma coastal control zone 3,2000,,,South Africa
18917,USA,AIHI102,nwhi ecological reserves,,,,United States
19059,USA,AIHI104,nwhi midway special management area,,,,United States
18930,USA,AIHI103,nwhi special preservation areas,,,,United States
25012,South Africa,AIZAF305,isimangaliso wetland park,,,,#N/A
24556,Vietnam,AIVNM20,bach long vi belt zone,,,,Vietnam
25042,South Africa,AIZAF317,prince edward island marine protected area,,,,#N/A
24562,Vietnam,AIVNM21,bach long vi development zone,,,,Vietnam
24567,Vietnam,AIVNM22,bach long vi ecological rehabilitation zone (buffer zone),,,,Vietnam
24863,South Africa,AIZAF264,uthukela marine protected area - amatikulu inshore restricted zone,2019,,,South Africa
24865,South Africa,AIZAF265,uthukela marine protected area - mtunzini inshore controlled zone,2019,,,South Africa
24870,South Africa,AIZAF266,uthukela marine protected area - usetheni inshore restricted zone,2019,,,South Africa
24871,South Africa,AIZAF267,uthukela marine protected area - uthukela inshore controlled zone,2019,,,South Africa
24877,South Africa,AIZAF269,uthukela marine protected area - uthukela offshore controlled zone north,2019,,,South Africa
24892,South Africa,AIZAF270,uthukela marine protected area - uthukela offshore controlled zone south,2019,,,South Africa
24896,South Africa,AIZAF272,uthukela marine protected area - uthukela offshore restricted zone,2019,,,South Africa
24572,Vietnam,AIVNM23,bach long vi strict protection zone (core zone),,,,Vietnam
24599,Vietnam,AIVNM5,cù lao chàm buffer zone,,,,Vietnam
25123,South Africa,AIZAF4,addo elephant marine protected area,,,,#N/A
24603,Vietnam,AIVNM6,cù lao chàm community zone,,,,Vietnam
24607,Vietnam,AIVNM7,cù lao chàm ecological rehabilitation zone_bãi nần,,,,Vietnam
24608,Vietnam,AIVNM8,cù lao chàm ecological rehabilitation zone_hòn dài,,,,Vietnam
24609,Vietnam,AIVNM9,cù lao chàm ecological rehabilitation zone_hòn tai,,,,Vietnam
24547,Vietnam,AIVNM10,cù lao chàm ecological rehabilitation zone_rạn mành,,,,Vietnam
25161,South Africa,AIZAF64,table mountain national park marine protected area - castle rock restricted zone,1979,4,High,#N/A
25162,South Africa,AIZAF65,table mountain national park marine protected area - boulders restricted zone,2004,5,High,#N/A
24549,Vietnam,AIVNM11,cù lao chàm ecological rehabilitation zone_rạn mè - bãi ông,,,,Vietnam
24551,Vietnam,AIVNM13,cù lao chàm strict protection zone_bãi tra,,,,Vietnam
24550,Vietnam,AIVNM12,cù lao chàm strict protection zone_bắc hòn lao,,,,Vietnam
24552,Vietnam,AIVNM14,"cù lao chàm strict protection zone_hòn khô, hòn cụ",,,,Vietnam
25173,South Africa,AIZAF77,malgas island marine protected area,,,,#N/A
25174,South Africa,AIZAF78,west coast national park,,,,#N/A
24553,Vietnam,AIVNM15,cù lao chàm strict protection zone_hòn lá,,,,Vietnam
25184,South Africa,AIZAF80,marcus island marine protected area,,,,#N/A
25185,South Africa,AIZAF81,jutten island marine protected area,,,,#N/A
25186,South Africa,AIZAF82,langebaan lagoon marine protected area,,,,#N/A
24554,Vietnam,AIVNM16,cù lao chàm strict protection zone_hòn mồ,,,,Vietnam
24555,Vietnam,AIVNM17,cù lao chàm strict protection zone_hòn tai,,,,Vietnam
24573,Vietnam,AIVNM26,con co community zone,,,,Vietnam
25200,South Africa,AIZAF88,sixteen mile beach marine protected area,,,,#N/A
24576,Vietnam,AIVNM27,con co ecological rehabilitation zone,,,,Vietnam
25209,South Africa,AIZAF97,robben island marine protected area,,,,#N/A
24577,Vietnam,AIVNM28,con co strict protection zone,,,,Vietnam
24578,Vietnam,AIVNM31,ly son community zone,,,,Vietnam
24582,Vietnam,AIVNM32,ly son ecological rehabilitation zone,,,,Vietnam
25221,USA,HI16_A,manele-hulopoe marine life conservation district - subzone a,,,,#N/A
25223,USA,HI16_B,manele-hulopoe marine life conservation district - subzone b,,,,#N/A
25224,USA,HI17_A,lapakahi marine life conservation district - subzone a,,,,#N/A
25225,USA,HI17_B,lapakahi marine life conservation district - subzone b,,,,#N/A
25227,USA,NPS41,jean lafitte national historical park and preserve,,,,#N/A
24586,Vietnam,AIVNM33,ly son strict protection zone,,,,Vietnam
24588,Vietnam,AIVNM36,nui chua mpa development_zone,,,,Vietnam
24593,Vietnam,AIVNM37,nui chua mpa ecological rehabilitation zone,,,,Vietnam
24595,Vietnam,AIVNM38,nui chua mpa strict protection zone,2003,,,Vietnam
25243,"Saint Helena, Ascension and Tristan da Cunha Overseas Teritory of the United Kingdom of Great Britain and Northern Ireland",AISHN12,ascension island marine protected area,,,,#N/A
